Food Name,Category Name,Calcium,Calories,Carbs,Cholesterol,Fats,Fiber,Magnesium,Potassium,Protein,Sodium,Sugar
Acerola,Fruits,0.012,32.0,7.7,0.0,0.3,1.1,0.018,0.146,0.4,0.007,0.0
Apple,Fruits,0.006,52.0,14.0,0.0,0.17,2.4,0.005,0.107,0.26,0.001,10.0
Apricot,Fruits,0.013,48.0,11.0,0.0,0.39,2.0,0.01,0.259,1.4,0.001,9.2
Dried fruit,Fruits,0.055,241.0,63.0,0.0,0.51,7.3,0.032,1.162,3.4,0.01,53.0
Avocado,Fruits,0.012,160.0,8.5,0.0,15.0,6.7,0.029,0.485,2.0,0.007,0.66
Banana,Fruits,0.005,89.0,23.0,0.0,0.33,2.6,0.027,0.358,1.1,0.001,12.0
Blackberry,Fruits,0.029,43.0,9.6,0.0,0.49,5.3,0.02,0.162,1.4,0.001,4.9
Blueberry,Fruits,0.006,57.0,14.0,0.0,0.33,2.4,0.006,0.077,0.74,0.001,10.0
Boysenberries,Fruits,0.027,50.0,12.0,0.0,0.26,5.3,0.016,0.139,1.1,0.001,6.9
Breadfruit,Fruits,0.017,103.0,27.0,0.0,0.23,4.9,0.025,0.49,1.1,0.002,11.0
Carambola,Fruits,0.003,31.0,6.7,0.0,0.33,2.8,0.01,0.133,1.0,0.002,4.0
Cherimoya,Fruits,0.01,75.0,18.0,0.0,0.68,3.0,0.017,0.287,1.6,0.007,13.0
Cherry,Fruits,0.016,50.0,12.0,0.0,0.3,1.6,0.009,0.173,1.0,0.003,8.5
Crabapple (Malus),Fruits,0.018,76.0,20.0,0.0,0.3,0.0,0.007,0.194,0.4,0.001,0.0
Cranberry,Fruits,0.008,46.0,12.0,0.0,0.13,3.6,0.006,0.08,0.46,0.002,4.3
Currant,Fruits,0.033,56.0,14.0,0.0,0.2,4.3,0.013,0.275,1.4,0.001,7.4
Custard apple,Fruits,0.03,101.0,25.0,0.0,0.6,2.4,0.018,0.382,1.7,0.004,0.0
Dates,Fruits,0.039,282.0,75.0,0.0,0.39,8.0,0.043,0.656,2.5,0.002,63.0
Elderberry,Fruits,0.038,73.0,18.0,0.0,0.5,7.0,0.005,0.28,0.66,0.006,0.0
Figs,Fruits,0.035,74.0,19.0,0.0,0.3,2.9,0.017,0.232,0.75,0.001,16.0
Fruit salad,Fruits,0.011,50.0,13.0,0.0,0.03,1.0,0.008,0.116,0.51,0.005,0.0
Gooseberry,Fruits,0.025,44.0,10.0,0.0,0.58,4.3,0.01,0.198,0.88,0.001,0.0
Goji berries,Fruits,0.19,349.0,77.0,0.0,0.39,13.0,0.0,0.0,14.0,0.298,46.0
Grapefruit,Fruits,0.022,42.0,11.0,0.0,0.14,1.6,0.009,0.135,0.77,0.0,6.9
Grape,Fruits,0.014,67.0,17.0,0.0,0.35,0.9,0.005,0.191,0.63,0.002,16.0
Peruvian groundcherry,Fruits,0.009,53.0,11.0,0.0,0.7,0.0,0.0,0.0,1.9,0.0,0.0
Guava,Fruits,0.018,68.0,14.0,0.0,0.95,5.4,0.022,0.417,2.6,0.002,8.9
Jackfruit,Fruits,0.024,95.0,23.0,0.0,0.64,1.5,0.029,0.448,1.7,0.002,19.0
Java plum,Fruits,0.019,60.0,16.0,0.0,0.23,0.0,0.015,0.079,0.72,0.014,0.0
Jujube,Fruits,0.021,79.0,20.0,0.0,0.2,0.0,0.01,0.25,1.2,0.003,0.0
Kiwifruit,Fruits,0.034,61.0,15.0,0.0,0.52,3.0,0.017,0.312,1.1,0.003,9.0
Kumquat,Fruits,0.062,71.0,16.0,0.0,0.86,6.5,0.02,0.186,1.9,0.01,9.4
Lemon,Fruits,0.026,29.0,9.3,0.0,0.3,2.8,0.008,0.138,1.1,0.002,2.5
Lime,Fruits,0.033,30.0,11.0,0.0,0.2,2.8,0.006,0.102,0.7,0.002,1.7
Lychee,Fruits,0.005,66.0,17.0,0.0,0.44,1.3,0.01,0.171,0.83,0.001,15.0
Loganberries,Fruits,0.026,55.0,13.0,0.0,0.31,5.3,0.021,0.145,1.5,0.001,7.7
Longan,Fruits,0.001,60.0,15.0,0.0,0.1,1.1,0.01,0.266,1.3,0.0,0.0
Loquat,Fruits,0.016,47.0,12.0,0.0,0.2,1.7,0.013,0.266,0.43,0.001,0.0
Mango,Fruits,0.011,60.0,15.0,0.0,0.38,1.6,0.01,0.168,0.82,0.001,14.0
Purple mangosteen,Fruits,0.012,73.0,18.0,0.0,0.58,1.8,0.013,0.048,0.41,0.007,0.0
Cantaloupe,Fruits,0.009,34.0,8.2,0.0,0.19,0.9,0.012,0.267,0.84,0.016,7.9
Melon,Fruits,0.011,28.0,6.6,0.0,0.1,0.9,0.011,0.182,1.1,0.009,5.7
Honeydew,Fruits,0.006,36.0,9.1,0.0,0.14,0.8,0.01,0.228,0.54,0.018,8.1
Mulberry,Fruits,0.039,43.0,9.8,0.0,0.39,1.7,0.018,0.194,1.4,0.01,8.1
Nectarine,Fruits,0.006,44.0,11.0,0.0,0.32,1.7,0.009,0.201,1.1,0.0,7.9
Orange,Fruits,0.04,47.0,12.0,0.0,0.12,2.4,0.01,0.181,0.94,0.0,9.4
Mandarin orange,Fruits,0.037,53.0,13.0,0.0,0.31,1.8,0.012,0.166,0.81,0.002,11.0
Papaya,Fruits,0.02,43.0,11.0,0.0,0.26,1.7,0.021,0.182,0.47,0.008,7.8
Passion fruit,Fruits,0.012,97.0,23.0,0.0,0.7,10.0,0.029,0.348,2.2,0.028,11.0
Peach,Fruits,0.006,39.0,9.5,0.0,0.25,1.5,0.009,0.19,0.91,0.0,8.4
Pear,Fruits,0.009,57.0,15.0,0.0,0.14,3.1,0.007,0.116,0.36,0.001,9.8
Persimmon,Fruits,0.027,127.0,34.0,0.0,0.4,0.0,0.0,0.31,0.8,0.001,0.0
Pineapple,Fruits,0.013,50.0,13.0,0.0,0.12,1.4,0.012,0.109,0.54,0.001,9.9
Pitanga (Surinam cherry),Fruits,0.009,33.0,7.5,0.0,0.4,0.0,0.012,0.103,0.8,0.003,0.0
Plantain,Fruits,0.002,116.0,31.0,0.0,0.18,2.3,0.032,0.465,0.79,0.005,14.0
Plum,Fruits,0.006,46.0,11.0,0.0,0.28,1.4,0.007,0.157,0.7,0.0,9.9
Pomegranate,Fruits,0.01,83.0,19.0,0.0,1.2,4.0,0.012,0.236,1.7,0.003,14.0
Prickly pear,Fruits,0.056,41.0,9.6,0.0,0.51,3.6,0.085,0.22,0.73,0.005,0.0
Prunes,Fruits,0.043,240.0,64.0,0.0,0.38,7.1,0.041,0.732,2.2,0.002,38.0
Pomelo,Fruits,0.004,38.0,9.6,0.0,0.04,1.0,0.006,0.216,0.76,0.001,0.0
Quince,Fruits,0.011,57.0,15.0,0.0,0.1,1.9,0.008,0.197,0.4,0.004,0.0
Raisin,Fruits,0.05,299.0,79.0,0.0,0.46,3.7,0.032,0.749,3.1,0.011,59.0
Rambutan,Fruits,0.022,82.0,21.0,0.0,0.21,0.9,0.007,0.042,0.65,0.011,0.0
Raspberry,Fruits,0.025,52.0,12.0,0.0,0.65,6.5,0.022,0.151,1.2,0.001,4.4
Roselle,Fruits,0.215,49.0,11.0,0.0,0.64,0.0,0.051,0.208,0.96,0.006,0.0
Rose apple,Fruits,0.029,25.0,5.7,0.0,0.3,0.0,0.005,0.123,0.6,0.0,0.0
Sapodilla,Fruits,0.021,83.0,20.0,0.0,1.1,5.3,0.012,0.193,0.44,0.012,0.0
Mamey Sapote,Fruits,0.018,124.0,32.0,0.0,0.46,5.4,0.011,0.454,1.5,0.007,20.0
Soursop,Fruits,0.014,66.0,17.0,0.0,0.3,3.3,0.021,0.278,1.0,0.014,14.0
Strawberry,Fruits,0.016,32.0,7.7,0.0,0.3,2.0,0.013,0.153,0.67,0.001,4.9
Tamarind,Fruits,0.074,239.0,63.0,0.0,0.6,5.1,0.092,0.628,2.8,0.028,39.0
Watermelon,Fruits,0.007,30.0,7.6,0.0,0.15,0.4,0.01,0.112,0.61,0.001,6.2
Maraschino cherry,Fruits,0.054,165.0,42.0,0.0,0.21,3.2,0.004,0.021,0.22,0.004,39.0
Feijoa,Fruits,0.017,61.0,15.0,0.0,0.42,6.4,0.009,0.172,0.71,0.003,8.2
Asian pear,Fruits,0.004,42.0,11.0,0.0,0.23,3.6,0.008,0.121,0.5,0.0,7.1
Sour cherry,Fruits,0.011,42.0,10.0,0.0,0.21,1.2,0.008,0.115,0.69,0.004,7.0
Durian,Fruits,0.006,147.0,27.0,0.0,5.3,3.8,0.03,0.436,1.5,0.002,0.0
Crateva religiosa,Fruits,0.008,69.0,18.0,0.0,0.1,5.3,0.024,0.304,1.5,0.02,8.6
Clementine,Fruits,0.03,47.0,12.0,0.0,0.15,1.7,0.01,0.177,0.85,0.001,9.2
Nance,Fruits,0.046,73.0,17.0,0.0,1.2,7.5,0.02,0.244,0.66,0.003,8.3
Naranjilla,Fruits,0.008,25.0,5.9,0.0,0.22,1.1,0.011,0.2,0.44,0.004,3.7
Horned melon,Fruits,0.013,44.0,7.6,0.0,1.3,0.0,0.04,0.123,1.8,0.002,0.0
Coconut,Fruits,0.014,354.0,15.0,0.0,33.0,9.0,0.032,0.356,3.3,0.02,6.2
Cloudberry,Fruits,0.018,51.0,8.6,0.0,0.8,0.0,0.0,0.0,2.4,0.0,0.0
Huckleberries,Fruits,0.015,37.0,8.7,0.0,0.1,0.0,0.0,0.0,0.4,0.01,0.0
Banana melon,Fruits,0.013,21.0,4.1,0.0,0.2,0.3,0.01,0.14,0.84,0.011,3.4
Salmonberries,Fruits,0.013,47.0,10.0,0.0,0.33,1.9,0.015,0.11,0.85,0.014,3.7
Chokecherries,Fruits,0.04,156.0,34.0,0.0,0.98,17.0,0.021,0.309,2.9,0.002,14.0
Rose hip,Fruits,0.169,162.0,38.0,0.0,0.34,24.0,0.069,0.429,1.6,0.004,2.6
Artichoke,Vegetables,0.044,47.0,11.0,0.0,0.15,5.4,0.06,0.37,3.3,0.094,0.99
Asparagus,Vegetables,0.044,47.0,9.2,0.0,0.1,0.0,0.042,0.29,2.5,0.004,0.0
"Bitter gourd (Momordica charantia, bitter melon, balsam pear)",Vegetables,0.084,30.0,3.3,0.0,0.69,0.0,0.085,0.608,5.3,0.011,0.0
Bamboo shoot,Vegetables,0.013,27.0,5.2,0.0,0.3,2.2,0.003,0.533,2.6,0.004,3.0
Green bean,Vegetables,0.044,35.0,7.9,0.0,0.28,3.2,0.018,0.146,1.9,0.001,3.6
Beetroot,Vegetables,0.016,43.0,9.6,0.0,0.17,2.8,0.023,0.325,1.6,0.078,6.8
Broad bean,Vegetables,0.018,62.0,10.0,0.0,0.5,3.6,0.031,0.193,4.8,0.041,0.0
Broccoli,Vegetables,0.047,34.0,6.6,0.0,0.37,2.6,0.021,0.316,2.8,0.033,1.7
Brussels sprout,Vegetables,0.042,43.0,9.0,0.0,0.3,3.8,0.023,0.389,3.4,0.025,2.2
Burdock root,Vegetables,0.041,72.0,17.0,0.0,0.15,3.3,0.038,0.308,1.5,0.005,2.9
Cabbage,Vegetables,0.04,25.0,5.8,0.0,0.1,2.5,0.012,0.17,1.3,0.018,3.2
Red cabbage,Vegetables,0.045,31.0,7.4,0.0,0.16,2.1,0.016,0.243,1.4,0.027,3.8
Savoy cabbage,Vegetables,0.035,27.0,6.1,0.0,0.1,3.1,0.028,0.23,2.0,0.028,2.3
Chinese cabbage,Vegetables,0.105,13.0,2.2,0.0,0.2,1.0,0.019,0.252,1.5,0.065,1.2
Carrot,Vegetables,0.033,41.0,9.6,0.0,0.24,2.8,0.012,0.32,0.93,0.069,4.7
Cassava,Vegetables,0.016,160.0,38.0,0.0,0.28,1.8,0.021,0.271,1.4,0.014,1.7
Cauliflower,Vegetables,0.022,25.0,5.0,0.0,0.28,2.0,0.015,0.299,1.9,0.03,1.9
Celeriac,Vegetables,0.043,42.0,9.2,0.0,0.3,1.8,0.02,0.3,1.5,0.1,1.6
Celtuce,Vegetables,0.039,18.0,3.7,0.0,0.3,1.7,0.028,0.33,0.85,0.011,0.0
Chayote,Vegetables,0.017,19.0,4.5,0.0,0.13,1.7,0.012,0.125,0.82,0.002,1.7
Chicory,Vegetables,0.019,17.0,4.0,0.0,0.1,3.1,0.01,0.211,0.9,0.002,0.0
Corn,Vegetables,0.003,96.0,21.0,0.0,1.5,2.4,0.026,0.218,3.4,0.001,4.5
Yardlong beans,Vegetables,0.044,47.0,9.2,0.0,0.1,0.0,0.042,0.29,2.5,0.004,0.0
Cucumber,Vegetables,0.016,15.0,3.6,0.0,0.11,0.5,0.013,0.147,0.65,0.002,1.7
Eggplant,Vegetables,0.009,25.0,5.9,0.0,0.18,3.0,0.014,0.229,0.98,0.002,3.5
Edamame,Vegetables,0.063,121.0,8.9,0.0,5.2,5.2,0.064,0.436,12.0,0.006,2.2
Endive,Vegetables,0.052,17.0,3.4,0.0,0.2,3.1,0.015,0.314,1.3,0.022,0.25
Garlic,Vegetables,0.181,149.0,33.0,0.0,0.5,2.1,0.025,0.401,6.4,0.017,1.0
Ginger,Vegetables,0.016,80.0,18.0,0.0,0.75,2.0,0.043,0.415,1.8,0.013,1.7
Jerusalem artichoke,Vegetables,0.014,73.0,17.0,0.0,0.01,1.6,0.017,0.429,2.0,0.004,9.6
Kanpyo,Vegetables,0.28,258.0,65.0,0.0,0.56,9.8,0.125,1.582,8.6,0.015,0.0
Kohlrabi,Vegetables,0.024,27.0,6.2,0.0,0.1,3.6,0.019,0.35,1.7,0.02,2.6
Lotus root,Vegetables,0.045,74.0,17.0,0.0,0.1,4.9,0.023,0.556,2.6,0.04,0.0
Red leaf lettuce,Vegetables,0.033,16.0,2.3,0.0,0.22,0.9,0.012,0.187,1.3,0.025,0.48
Okra,Vegetables,0.082,33.0,7.5,0.0,0.19,3.2,0.057,0.299,1.9,0.007,1.5
Onion,Vegetables,0.023,40.0,9.3,0.0,0.1,1.7,0.01,0.146,1.1,0.004,4.2
Sweet onion,Vegetables,0.02,32.0,7.6,0.0,0.08,0.9,0.009,0.119,0.8,0.008,5.0
Onion rings,Vegetables,0.031,276.0,34.0,0.0,14.0,2.2,0.017,0.123,4.1,0.37,5.1
Parsnip,Vegetables,0.036,75.0,18.0,0.0,0.3,4.9,0.029,0.375,1.2,0.01,4.8
Pea,Vegetables,0.027,84.0,16.0,0.0,0.22,5.5,0.039,0.271,5.4,0.003,5.9
Bell pepper,Vegetables,0.01,20.0,4.6,0.0,0.17,1.7,0.01,0.175,0.86,0.003,2.4
Russet potato,Vegetables,0.018,97.0,21.0,0.0,0.13,2.3,0.03,0.55,2.6,0.014,1.1
Red potato,Vegetables,0.009,89.0,20.0,0.0,0.15,1.8,0.028,0.545,2.3,0.012,1.4
Pumpkin flowers,Vegetables,0.039,15.0,3.3,0.0,0.07,0.0,0.024,0.173,1.0,0.005,0.0
Pumpkin,Vegetables,0.015,20.0,4.9,0.0,0.07,1.1,0.009,0.23,0.72,0.001,2.1
Radish,Vegetables,0.025,16.0,3.4,0.0,0.1,1.6,0.01,0.233,0.68,0.039,1.9
Daikon,Vegetables,0.027,18.0,4.1,0.0,0.1,1.6,0.016,0.227,0.6,0.021,2.5
Rutabagas,Vegetables,0.043,37.0,8.6,0.0,0.16,2.3,0.02,0.305,1.1,0.012,4.5
Salsify,Vegetables,0.047,68.0,15.0,0.0,0.17,3.1,0.018,0.283,2.7,0.016,2.9
Sauerkraut,Vegetables,0.03,19.0,4.3,0.0,0.14,2.9,0.013,0.17,0.91,0.661,1.8
Seaweed,Vegetables,0.168,43.0,9.6,0.0,0.56,1.3,0.121,0.089,1.7,0.233,0.6
Nori,Vegetables,0.07,35.0,5.1,0.0,0.28,0.3,0.002,0.356,5.8,0.048,0.49
Zucchini,Vegetables,0.016,17.0,3.1,0.0,0.32,1.0,0.018,0.261,1.2,0.008,2.5
Sweet potato,Vegetables,0.038,90.0,21.0,0.0,0.15,3.3,0.027,0.475,2.0,0.036,6.5
Taro,Vegetables,0.043,112.0,26.0,0.0,0.2,4.1,0.033,0.591,1.5,0.011,0.4
Tomato,Vegetables,0.01,18.0,3.9,0.0,0.2,1.2,0.011,0.237,0.88,0.005,2.6
Turnip,Vegetables,0.03,28.0,6.4,0.0,0.1,1.8,0.011,0.191,0.9,0.067,3.8
Turnip greens,Vegetables,0.137,20.0,4.4,0.0,0.23,3.5,0.022,0.203,1.1,0.029,0.53
Vegetable,Vegetables,0.025,65.0,13.0,0.0,0.15,4.4,0.022,0.169,2.9,0.035,3.1
Water chestnuts,Vegetables,0.011,97.0,24.0,0.0,0.1,3.0,0.022,0.584,1.4,0.014,4.8
Winter melon,Vegetables,0.019,13.0,3.0,0.0,0.2,2.9,0.01,0.006,0.4,0.111,0.0
Wax gourd,Vegetables,0.018,14.0,3.0,0.0,0.2,1.0,0.01,0.005,0.4,0.107,1.2
Yam,Vegetables,0.014,116.0,27.0,0.0,0.14,3.9,0.018,0.67,1.5,0.008,0.49
Jícama (yam bean),Vegetables,0.011,38.0,8.8,0.0,0.09,0.0,0.011,0.135,0.72,0.004,0.0
Summer squash,Vegetables,0.015,16.0,3.4,0.0,0.18,1.1,0.017,0.262,1.2,0.002,2.2
Winter squash,Vegetables,0.022,37.0,8.9,0.0,0.35,2.8,0.013,0.241,0.89,0.001,3.3
Agar,Vegetables,0.625,306.0,81.0,0.0,0.3,7.7,0.77,1.125,6.2,0.102,3.0
Spirulina,Vegetables,0.012,26.0,2.4,0.0,0.39,0.4,0.019,0.127,5.9,0.098,0.3
Wakame,Vegetables,0.15,45.0,9.1,0.0,0.64,0.5,0.107,0.05,3.0,0.872,0.65
Chili Pepper,Vegetables,0.018,40.0,9.5,0.0,0.2,1.5,0.025,0.34,2.0,0.007,5.1
Potato,Vegetables,0.015,93.0,21.0,0.0,0.13,2.2,0.028,0.535,2.5,0.01,1.2
Shallot,Vegetables,0.037,72.0,17.0,0.0,0.1,3.2,0.021,0.334,2.5,0.012,7.9
Arrowroot,Vegetables,0.006,65.0,13.0,0.0,0.2,1.3,0.025,0.454,4.2,0.026,0.0
Chili pepper,Vegetables,0.014,40.0,8.8,0.0,0.44,1.5,0.023,0.322,1.9,0.009,5.3
Pickled cucumber,Vegetables,0.0,11.0,2.3,0.0,0.2,1.2,0.004,0.023,0.33,1.208,1.1
Pimiento,Vegetables,0.006,23.0,5.1,0.0,0.3,1.9,0.006,0.158,1.1,0.014,2.7
Radicchio,Vegetables,0.019,23.0,4.5,0.0,0.25,0.9,0.013,0.302,1.4,0.022,0.6
Tomatillo,Vegetables,0.007,32.0,5.8,0.0,1.0,1.9,0.02,0.268,0.96,0.001,3.9
Sun-dried tomato,Vegetables,0.047,213.0,23.0,0.0,14.0,5.8,0.081,1.565,5.1,0.266,0.0
Fennel,Vegetables,0.049,31.0,7.3,0.0,0.2,3.1,0.017,0.414,1.2,0.052,3.9
Hearts of palm,Vegetables,0.058,28.0,4.6,0.0,0.62,2.4,0.038,0.177,2.5,0.426,0.0
Nopales,Vegetables,0.056,41.0,9.6,0.0,0.51,3.6,0.085,0.22,0.73,0.005,0.0
Chinese broccoli,Vegetables,0.1,22.0,3.8,0.0,0.72,2.5,0.018,0.261,1.1,0.007,0.84
Napa cabbage,Vegetables,0.029,12.0,2.2,0.0,0.17,0.0,0.008,0.087,1.1,0.011,0.0
Poblano,Vegetables,0.061,281.0,51.0,0.0,8.2,22.0,0.113,2.411,12.0,0.043,0.0
Jalapeño,Vegetables,0.012,29.0,6.5,0.0,0.37,2.8,0.015,0.248,0.91,0.003,4.1
Pasilla peppers,Vegetables,0.097,345.0,51.0,0.0,16.0,27.0,0.13,2.222,12.0,0.089,0.0
Mexican tea,Vegetables,0.275,32.0,7.4,0.0,0.52,3.8,0.121,0.633,0.33,0.043,0.0
Yautia,Vegetables,0.009,98.0,24.0,0.0,0.4,1.5,0.024,0.598,1.5,0.021,0.0
Fiddlehead ferns,Vegetables,0.032,34.0,5.5,0.0,0.4,0.0,0.034,0.37,4.6,0.001,0.0
Cod liver oil,Seafood,0.0,902.0,0.0,0.57,100.0,0.0,0.0,0.0,0.0,0.0,0.0
Anchovy,Seafood,0.147,131.0,0.0,0.06,4.8,0.0,0.041,0.383,20.0,0.104,0.0
Carp,Seafood,0.052,162.0,0.0,0.084,7.2,0.0,0.038,0.427,23.0,0.063,0.0
Caviar,Seafood,0.275,264.0,4.0,0.588,18.0,0.0,0.3,0.181,25.0,1.5,0.0
Cod,Seafood,0.014,105.0,0.0,0.055,0.86,0.0,0.042,0.244,23.0,0.078,0.0
Croaker,Seafood,0.032,221.0,7.5,0.084,13.0,0.4,0.042,0.34,18.0,0.348,0.0
Eel,Seafood,0.026,236.0,0.0,0.161,15.0,0.0,0.026,0.349,24.0,0.065,0.0
Fish sticks,Seafood,0.016,277.0,22.0,0.028,16.0,1.5,0.025,0.185,11.0,0.402,1.7
Flatfish,Seafood,0.025,86.0,0.0,0.056,2.4,0.0,0.022,0.197,15.0,0.363,0.0
Gefilte fish,Seafood,0.023,84.0,7.4,0.03,1.7,0.0,0.009,0.091,9.1,0.524,0.0
Grouper fish,Seafood,0.021,118.0,0.0,0.047,1.3,0.0,0.037,0.475,25.0,0.053,0.0
Haddock,Seafood,0.014,90.0,0.0,0.066,0.55,0.0,0.026,0.351,20.0,0.261,0.0
Herring,Seafood,0.074,203.0,0.0,0.077,12.0,0.0,0.041,0.419,23.0,0.115,0.0
Mackerel,Seafood,0.015,262.0,0.0,0.075,18.0,0.0,0.097,0.401,24.0,0.083,0.0
Mullet fish,Seafood,0.031,150.0,0.0,0.063,4.9,0.0,0.033,0.458,25.0,0.071,0.0
Perch,Seafood,0.102,117.0,0.0,0.115,1.2,0.0,0.038,0.344,25.0,0.079,0.0
Alaska pollock,Seafood,0.072,111.0,0.0,0.086,1.2,0.0,0.081,0.43,23.0,0.419,0.0
Pompano,Seafood,0.043,211.0,0.0,0.064,12.0,0.0,0.031,0.636,24.0,0.076,0.0
Rockfish,Seafood,0.017,109.0,0.0,0.061,1.6,0.0,0.033,0.467,22.0,0.089,0.0
Smoked salmon,Seafood,0.011,117.0,0.0,0.023,4.3,0.0,0.018,0.175,18.0,0.672,0.0
Sockeye salmon,Seafood,0.011,156.0,0.0,0.061,5.6,0.0,0.036,0.436,26.0,0.092,0.0
Sardine,Seafood,0.382,208.0,0.0,0.142,11.0,0.0,0.039,0.397,25.0,0.307,0.0
Shark,Seafood,0.05,228.0,6.4,0.059,14.0,0.0,0.043,0.155,19.0,0.122,0.0
Sheepshead,Seafood,0.037,126.0,0.0,0.064,1.6,0.0,0.035,0.512,26.0,0.073,0.0
Smelt,Seafood,0.077,124.0,0.0,0.09,3.1,0.0,0.038,0.372,23.0,0.077,0.0
Snapper,Seafood,0.04,128.0,0.0,0.047,1.7,0.0,0.037,0.522,26.0,0.057,0.0
Sturgeon,Seafood,0.017,135.0,0.0,0.077,5.2,0.0,0.045,0.364,21.0,0.069,0.0
Surimi,Seafood,0.009,99.0,6.9,0.03,0.9,0.0,0.043,0.112,15.0,0.143,0.0
Swordfish,Seafood,0.006,172.0,0.0,0.078,7.9,0.0,0.035,0.499,23.0,0.097,0.0
Tilefish,Seafood,0.026,147.0,0.0,0.064,4.7,0.0,0.033,0.512,24.0,0.059,0.0
Tuna salad,Seafood,0.017,187.0,9.4,0.013,9.3,0.0,0.019,0.178,16.0,0.402,0.0
Whiting,Seafood,0.062,116.0,0.0,0.084,1.7,0.0,0.027,0.434,23.0,0.132,0.0
Crab meat,Seafood,0.059,97.0,0.0,0.053,1.5,0.0,0.063,0.262,19.0,1.072,0.0
Crab stick,Seafood,0.013,95.0,15.0,0.02,0.46,0.5,0.043,0.09,7.6,0.529,6.3
Crab,Seafood,0.091,83.0,0.0,0.097,0.74,0.0,0.036,0.259,18.0,0.563,0.0
Crayfish,Seafood,0.06,82.0,0.0,0.133,1.2,0.0,0.033,0.296,17.0,0.094,0.0
Lobster,Seafood,0.096,89.0,0.0,0.146,0.86,0.0,0.043,0.23,19.0,0.486,0.0
Shrimp,Seafood,0.091,119.0,1.5,0.211,1.7,0.0,0.037,0.17,23.0,0.947,0.0
Abalone,Seafood,0.037,189.0,11.0,0.094,6.8,0.0,0.056,0.284,20.0,0.591,0.0
Clam,Seafood,0.092,148.0,5.1,0.067,2.0,0.0,0.018,0.628,26.0,1.202,0.0
Cuttlefish,Seafood,0.09,79.0,0.82,0.112,0.7,0.0,0.03,0.354,16.0,0.372,0.0
Mussels,Seafood,0.033,172.0,7.4,0.056,4.5,0.0,0.037,0.268,24.0,0.369,0.0
Oysters,Seafood,0.116,102.0,5.5,0.079,3.4,0.0,0.035,0.139,11.0,0.166,1.2
Whelk,Seafood,0.113,275.0,16.0,0.13,0.8,0.0,0.172,0.694,48.0,0.412,0.0
Bass,Seafood,0.019,124.0,0.0,0.103,3.0,0.0,0.051,0.328,23.0,0.088,0.0
Bluefish,Seafood,0.009,159.0,0.0,0.076,5.4,0.0,0.042,0.477,26.0,0.077,0.0
Burbot,Seafood,0.064,115.0,0.0,0.077,1.0,0.0,0.041,0.518,25.0,0.124,0.0
Butterfish,Seafood,0.028,187.0,0.0,0.083,10.0,0.0,0.032,0.481,22.0,0.114,0.0
Mahimahi,Seafood,0.019,109.0,0.0,0.094,0.9,0.0,0.038,0.533,24.0,0.113,0.0
Drum fish,Seafood,0.077,153.0,0.0,0.082,6.3,0.0,0.038,0.353,22.0,0.096,0.0
Halibut,Seafood,0.004,239.0,0.0,0.059,18.0,0.0,0.033,0.344,18.0,0.103,0.0
Ling fish,Seafood,0.044,111.0,0.0,0.051,0.82,0.0,0.081,0.486,24.0,0.173,0.0
Lingcod,Seafood,0.018,109.0,0.0,0.067,1.4,0.0,0.033,0.56,23.0,0.076,0.0
Milkfish,Seafood,0.065,190.0,0.0,0.067,8.6,0.0,0.038,0.374,26.0,0.092,0.0
Monkfish,Seafood,0.01,97.0,0.0,0.032,2.0,0.0,0.027,0.513,19.0,0.023,0.0
Pacific saury,Seafood,0.141,119.0,0.0,0.11,1.6,0.0,0.038,0.499,25.0,0.065,0.0
Roe,Seafood,0.028,204.0,1.9,0.479,8.2,0.0,0.026,0.283,29.0,0.117,0.0
Sablefish,Seafood,0.045,250.0,0.0,0.063,20.0,0.0,0.071,0.459,17.0,0.072,0.0
Chinook salmon,Seafood,0.028,231.0,0.0,0.085,13.0,0.0,0.122,0.505,26.0,0.06,0.0
Scup,Seafood,0.051,135.0,0.0,0.067,3.5,0.0,0.029,0.368,24.0,0.054,0.0
Seatrout,Seafood,0.022,133.0,0.0,0.106,4.6,0.0,0.04,0.437,21.0,0.074,0.0
Shad,Seafood,0.06,252.0,0.0,0.096,18.0,0.0,0.038,0.492,22.0,0.065,0.0
Sucker fish,Seafood,0.09,119.0,0.0,0.053,3.0,0.0,0.038,0.487,21.0,0.051,0.0
Sunfish,Seafood,0.103,114.0,0.0,0.086,0.9,0.0,0.038,0.449,25.0,0.103,0.0
Skipjack tuna,Seafood,0.037,132.0,0.0,0.06,1.3,0.0,0.044,0.522,28.0,0.047,0.0
Tuna,Seafood,0.004,130.0,0.0,0.047,0.59,0.0,0.042,0.527,29.0,0.054,0.0
Turbot,Seafood,0.023,122.0,0.0,0.062,3.8,0.0,0.065,0.305,21.0,0.192,0.0
Whitefish,Seafood,0.033,172.0,0.0,0.077,7.5,0.0,0.042,0.406,24.0,0.065,0.0
Wolffish,Seafood,0.008,123.0,0.0,0.059,3.1,0.0,0.038,0.385,22.0,0.109,0.0
Yellowtail,Seafood,0.029,187.0,0.0,0.071,6.7,0.0,0.038,0.538,30.0,0.05,0.0
Squid,Seafood,0.18,158.0,1.6,0.224,1.4,0.0,0.06,0.637,32.0,0.744,0.0
Octopus,Seafood,0.106,164.0,4.4,0.096,2.1,0.0,0.06,0.63,30.0,0.46,0.0
Orange roughy,Seafood,0.011,105.0,0.0,0.08,0.9,0.0,0.018,0.181,23.0,0.069,0.0
Catfish,Seafood,0.009,144.0,0.0,0.066,7.2,0.0,0.023,0.366,18.0,0.119,0.0
Salmon,Seafood,0.015,206.0,0.0,0.063,12.0,0.0,0.03,0.384,22.0,0.061,0.0
Trout,Seafood,0.03,168.0,0.0,0.07,7.4,0.0,0.03,0.45,24.0,0.061,0.0
Tilapia,Seafood,0.014,128.0,0.0,0.057,2.7,0.0,0.034,0.38,26.0,0.056,0.0
Cockles,Seafood,0.03,79.0,4.7,0.0,0.7,0.0,0.0,0.0,14.0,0.0,0.0
Devilfish,Seafood,0.012,97.0,0.0,0.0,5.3,0.0,0.0,0.0,12.0,0.0,0.0
Pike,Seafood,0.028,156.0,4.3,0.0,8.0,0.0,0.0,0.0,17.0,0.0,0.0
Sea cucumber,Seafood,0.03,56.0,0.0,0.0,0.4,0.0,0.0,0.0,13.0,0.0,0.0
Steelhead trout,Seafood,0.03,159.0,0.0,0.059,8.3,0.0,0.025,0.365,21.0,0.118,0.0
Scallop,Seafood,0.01,111.0,5.4,0.041,0.84,0.0,0.037,0.314,21.0,0.667,0.0
Blue cheese,Dairy,0.528,353.0,2.3,0.075,29.0,0.0,0.023,0.256,21.0,1.146,0.5
Brie,Dairy,0.184,334.0,0.45,0.1,28.0,0.0,0.02,0.152,21.0,0.629,0.45
Camembert,Dairy,0.388,300.0,0.46,0.072,24.0,0.0,0.02,0.187,20.0,0.842,0.46
Cheese,Dairy,0.71,404.0,3.1,0.099,33.0,0.0,0.027,0.076,23.0,0.653,0.48
Cottage cheese,Dairy,0.083,98.0,3.4,0.017,4.3,0.0,0.008,0.104,11.0,0.364,2.7
Cream cheese,Dairy,0.097,350.0,5.5,0.101,34.0,0.0,0.009,0.132,6.2,0.314,3.8
Edam,Dairy,0.731,357.0,1.4,0.089,28.0,0.0,0.03,0.188,25.0,0.812,1.4
Feta,Dairy,0.493,264.0,4.1,0.089,21.0,0.0,0.019,0.062,14.0,0.917,4.1
Fontina,Dairy,0.55,389.0,1.6,0.116,31.0,0.0,0.014,0.064,26.0,0.8,1.6
Brunost,Dairy,0.4,466.0,43.0,0.094,30.0,0.0,0.07,1.409,9.7,0.6,0.0
Gouda cheese,Dairy,0.7,356.0,2.2,0.114,27.0,0.0,0.029,0.121,25.0,0.819,2.2
Gruyere cheese,Dairy,1.011,413.0,0.36,0.11,32.0,0.0,0.036,0.081,30.0,0.714,0.36
Limburger,Dairy,0.497,327.0,0.49,0.09,27.0,0.0,0.021,0.128,20.0,0.8,0.49
Monterey Jack,Dairy,0.746,373.0,0.68,0.089,30.0,0.0,0.027,0.081,24.0,0.6,0.5
Muenster cheese,Dairy,0.717,368.0,1.1,0.096,30.0,0.0,0.027,0.134,23.0,0.628,1.1
Neufchâtel cheese,Dairy,0.117,253.0,3.6,0.074,23.0,0.0,0.01,0.152,9.2,0.334,3.2
Port Salut,Dairy,0.65,352.0,0.57,0.123,28.0,0.0,0.024,0.136,24.0,0.534,0.57
Provolone,Dairy,0.756,351.0,2.1,0.069,27.0,0.0,0.028,0.138,26.0,0.876,0.56
Ricotta,Dairy,0.207,174.0,3.0,0.051,13.0,0.0,0.011,0.105,11.0,0.084,0.27
Romano cheese,Dairy,1.064,387.0,3.6,0.104,27.0,0.0,0.041,0.086,32.0,1.433,0.73
Roquefort,Dairy,0.662,369.0,2.0,0.09,31.0,0.0,0.03,0.091,22.0,1.809,0.0
Swiss cheese,Dairy,0.89,393.0,1.4,0.093,31.0,0.0,0.033,0.072,27.0,0.187,0.0
Tilsit cheese,Dairy,0.7,340.0,1.9,0.102,26.0,0.0,0.013,0.065,24.0,0.753,0.0
Whipped cream,Dairy,0.101,257.0,12.0,0.076,22.0,0.0,0.011,0.147,3.2,0.008,8.0
Eggnog,Dairy,0.13,88.0,8.1,0.059,4.2,0.0,0.019,0.165,4.6,0.054,8.1
Milk,Dairy,0.125,42.0,5.0,0.005,0.97,0.0,0.011,0.15,3.4,0.044,5.2
Buttermilk,Dairy,0.116,40.0,4.8,0.004,0.88,0.0,0.011,0.151,3.3,0.19,4.8
Condensed milk,Dairy,0.284,321.0,54.0,0.034,8.7,0.0,0.026,0.371,7.9,0.127,54.0
Chocolate milk,Dairy,0.112,83.0,10.0,0.012,3.4,0.8,0.013,0.167,3.2,0.06,9.5
Hot chocolate,Dairy,0.114,77.0,11.0,0.008,2.3,1.0,0.023,0.197,3.5,0.044,9.7
Goat milk,Dairy,0.134,69.0,4.5,0.011,4.1,0.0,0.014,0.204,3.6,0.05,4.5
Milkshake,Dairy,0.146,112.0,18.0,0.012,3.0,0.0,0.012,0.183,3.9,0.095,18.0
Whey,Dairy,0.047,27.0,5.1,0.002,0.36,0.0,0.008,0.161,0.85,0.054,5.1
Egg white,Dairy,0.007,52.0,0.73,0.0,0.17,0.0,0.011,0.163,11.0,0.166,0.71
Yolk,Dairy,0.129,322.0,3.6,1.085,27.0,0.0,0.005,0.109,16.0,0.048,0.56
Egg,Dairy,0.05,155.0,1.1,0.373,11.0,0.0,0.01,0.126,13.0,0.124,1.1
Omelette,Dairy,0.048,154.0,0.64,0.313,12.0,0.0,0.011,0.117,11.0,0.155,0.31
Duck egg,Dairy,0.064,185.0,1.5,0.884,14.0,0.0,0.017,0.222,13.0,0.146,0.93
Goose egg,Dairy,0.06,185.0,1.4,0.852,13.0,0.0,0.016,0.21,14.0,0.138,0.94
Quail egg,Dairy,0.064,158.0,0.41,0.844,11.0,0.0,0.013,0.132,13.0,0.141,0.4
Turkey egg,Dairy,0.099,171.0,1.2,0.933,12.0,0.0,0.013,0.142,14.0,0.151,0.0
Butter,Dairy,0.024,717.0,0.06,0.215,81.0,0.0,0.002,0.024,0.85,0.011,0.06
Goat cheese,Dairy,0.298,364.0,0.12,0.079,30.0,0.0,0.029,0.158,22.0,0.415,0.12
Mexican Cheese queso chihuahua,Dairy,0.651,374.0,5.6,0.105,30.0,0.0,0.023,0.052,22.0,0.617,5.6
Sour cream,Dairy,0.141,181.0,7.0,0.035,14.0,0.0,0.011,0.211,7.0,0.07,0.3
Parmigiano-Reggiano,Dairy,1.109,265.0,1.4,0.088,20.0,0.0,0.038,0.125,20.0,1.529,0.0
Powdered milk,Dairy,0.912,496.0,38.0,0.097,27.0,0.0,0.085,1.33,26.0,0.371,38.0
Dulce de Leche,Dairy,0.251,315.0,55.0,0.029,7.4,0.0,0.022,0.35,6.8,0.129,50.0
Soft serve,Dairy,0.131,222.0,22.0,0.091,13.0,0.7,0.012,0.177,4.1,0.061,21.0
Ice cream sandwich,Dairy,0.086,237.0,37.0,0.021,8.6,0.0,0.029,0.115,4.3,0.129,19.0
American cheese,Dairy,1.045,371.0,3.7,0.1,32.0,0.0,0.026,0.132,18.0,1.671,2.3
Yogurt,Dairy,0.11,59.0,3.6,0.005,0.39,0.0,0.011,0.141,10.0,0.036,3.2
Cotija cheese,Dairy,0.8,366.0,4.0,0.1,30.0,0.0,0.038,0.125,20.0,1.4,0.0
Kefir,Dairy,0.13,41.0,4.5,0.005,0.93,0.0,0.012,0.164,3.8,0.04,4.6
Greek yogurt,Dairy,0.1,97.0,4.0,0.013,5.0,0.0,0.011,0.141,9.0,0.035,4.0
Ice cream sundae cone,Dairy,0.06,254.0,29.0,0.015,14.0,1.0,0.02,0.204,3.0,0.115,21.0
Coconut milk,Dairy,0.016,230.0,5.5,0.0,24.0,2.2,0.037,0.263,2.3,0.015,3.3
Mozzarella,Dairy,0.731,280.0,3.1,0.054,17.0,0.0,0.026,0.095,28.0,0.016,1.2
Shiitake,Mushrooms,0.002,34.0,6.8,0.0,0.49,2.5,0.02,0.304,2.2,0.009,2.4
Chanterelle,Mushrooms,0.015,38.0,6.9,0.0,0.53,3.8,0.013,0.506,1.5,0.009,1.2
True morels,Mushrooms,0.043,31.0,5.1,0.0,0.57,2.8,0.019,0.411,3.1,0.021,0.6
Portobello,Mushrooms,0.003,29.0,4.4,0.0,0.58,2.2,0.013,0.437,3.3,0.011,2.3
Edible mushroom,Mushrooms,0.003,22.0,3.3,0.0,0.34,1.0,0.009,0.318,3.1,0.005,2.0
Enoki mushrooms,Mushrooms,0.0,37.0,7.8,0.0,0.29,2.7,0.016,0.359,2.7,0.003,0.22
Truffle,Mushrooms,0.159,284.0,73.0,0.0,0.73,70.0,0.083,0.754,9.3,0.035,0.0
Maitake mushrooms,Mushrooms,0.001,31.0,7.0,0.0,0.19,2.7,0.01,0.204,1.9,0.001,2.1
Porridge,Grains,0.087,50.0,11.0,0.0,0.21,0.5,0.005,0.016,1.4,0.006,0.03
Oatmeal,Grains,0.08,68.0,12.0,0.0,1.4,1.7,0.026,0.061,2.4,0.049,0.46
Cereal,Grains,0.01,378.0,87.0,0.0,1.1,1.4,0.019,0.105,6.1,0.795,10.0
Chia seeds,Grains,0.631,486.0,42.0,0.0,31.0,34.0,0.335,0.407,17.0,0.016,0.0
Sesame,Grains,0.975,573.0,23.0,0.0,50.0,12.0,0.351,0.468,18.0,0.011,0.3
Sunflower seed,Grains,0.078,584.0,20.0,0.0,51.0,8.6,0.325,0.645,21.0,0.009,2.6
Pumpkin seed,Grains,0.055,446.0,54.0,0.0,19.0,18.0,0.262,0.919,19.0,0.018,0.0
Flax seeds,Grains,0.255,534.0,29.0,0.0,42.0,27.0,0.392,0.813,18.0,0.03,1.6
Adzuki bean,Grains,0.028,128.0,25.0,0.0,0.1,7.3,0.052,0.532,7.5,0.008,0.0
Baked beans,Grains,0.061,155.0,22.0,0.005,5.2,5.5,0.043,0.358,5.5,0.422,0.0
Black turtle bean,Grains,0.055,130.0,24.0,0.0,0.35,8.3,0.049,0.433,8.2,0.003,0.32
Cranberry beans,Grains,0.05,136.0,24.0,0.0,0.46,8.6,0.05,0.387,9.3,0.001,0.0
French beans,Grains,0.063,129.0,24.0,0.0,0.76,9.4,0.056,0.37,7.1,0.006,0.0
Great northern beans,Grains,0.068,118.0,21.0,0.0,0.45,7.0,0.05,0.391,8.3,0.002,0.0
Kidney beans,Grains,0.035,127.0,23.0,0.0,0.5,6.4,0.042,0.405,8.7,0.001,0.32
Navy beans,Grains,0.069,140.0,26.0,0.0,0.62,11.0,0.053,0.389,8.2,0.0,0.37
Pinto beans,Grains,0.046,143.0,26.0,0.0,0.65,9.0,0.05,0.436,9.0,0.001,0.34
Yellow beans,Grains,0.062,144.0,25.0,0.0,1.1,10.0,0.074,0.325,9.2,0.005,0.34
White beans,Grains,0.09,139.0,25.0,0.0,0.35,6.3,0.063,0.561,9.7,0.006,0.34
Fava beans,Grains,0.036,110.0,20.0,0.0,0.4,5.4,0.043,0.268,7.6,0.005,1.8
Chickpeas,Grains,0.049,164.0,27.0,0.0,2.6,7.6,0.048,0.291,8.9,0.007,4.8
Cowpea (Black-eyed pea),Grains,0.024,116.0,21.0,0.0,0.53,6.5,0.053,0.278,7.7,0.004,3.3
Lablab,Grains,0.04,117.0,21.0,0.0,0.58,0.0,0.082,0.337,8.1,0.007,0.0
Lentil,Grains,0.019,116.0,20.0,0.0,0.38,7.9,0.036,0.369,9.0,0.002,1.8
Lima bean,Grains,0.017,115.0,21.0,0.0,0.38,7.0,0.043,0.508,7.8,0.002,2.9
Lupin Bean,Grains,0.051,119.0,9.9,0.0,2.9,2.8,0.054,0.245,16.0,0.004,0.0
Mothbeans,Grains,0.003,117.0,21.0,0.0,0.55,0.0,0.104,0.304,7.8,0.01,0.0
Mung beans,Grains,0.027,105.0,19.0,0.0,0.38,7.6,0.048,0.266,7.0,0.002,2.0
Cellophane noodles,Grains,0.025,351.0,86.0,0.0,0.06,0.5,0.003,0.01,0.16,0.01,0.0
Black gram,Grains,0.053,105.0,18.0,0.0,0.55,6.4,0.063,0.231,7.5,0.007,2.0
Pigeon pea,Grains,0.043,121.0,23.0,0.0,0.38,6.7,0.046,0.384,6.8,0.005,0.0
Refried beans,Grains,0.029,90.0,14.0,0.0,2.0,3.7,0.035,0.319,5.0,0.37,0.54
Soybean,Grains,0.102,172.0,8.4,0.0,9.0,6.0,0.086,0.515,18.0,0.001,3.0
Nattō,Grains,0.217,211.0,13.0,0.0,11.0,5.4,0.115,0.729,19.0,0.007,4.9
Tempeh,Grains,0.111,192.0,7.6,0.0,11.0,0.0,0.081,0.412,20.0,0.009,0.0
Soybean meal,Grains,0.244,337.0,36.0,0.0,2.4,0.0,0.306,2.49,49.0,0.003,0.0
Okara,Grains,0.08,76.0,12.0,0.0,1.7,0.0,0.026,0.213,3.5,0.009,0.0
Winged beans,Grains,0.142,147.0,15.0,0.0,5.8,0.0,0.054,0.28,11.0,0.013,0.0
Falafel,Grains,0.054,333.0,32.0,0.0,18.0,0.0,0.082,0.585,13.0,0.294,0.0
Chickpea flour (besan),Grains,0.045,387.0,58.0,0.0,6.7,11.0,0.166,0.846,22.0,0.064,11.0
Hummus,Grains,0.038,166.0,14.0,0.0,9.6,6.0,0.071,0.228,7.9,0.379,0.0
Soy yogurt,Grains,0.132,66.0,9.7,0.0,1.8,0.4,0.0,0.0,2.6,0.013,5.3
Tofu,Grains,0.683,144.0,2.8,0.0,8.7,2.3,0.058,0.237,17.0,0.014,0.0
Wheat Bread,Grains,0.165,313.0,56.0,0.0,4.3,4.7,0.059,0.223,13.0,0.601,6.4
Amaranth grain,Grains,0.047,102.0,19.0,0.0,1.6,2.1,0.065,0.135,3.8,0.006,0.0
Groat,Grains,0.018,343.0,72.0,0.0,3.4,10.0,0.231,0.46,13.0,0.001,0.0
Buckwheat,Grains,0.007,92.0,20.0,0.0,0.62,2.7,0.051,0.088,3.4,0.004,0.9
Cornmeal,Grains,0.003,370.0,79.0,0.0,1.8,3.9,0.032,0.142,7.1,0.007,1.6
Couscous,Grains,0.008,112.0,23.0,0.0,0.16,1.4,0.008,0.058,3.8,0.005,0.1
Millet,Grains,0.003,119.0,24.0,0.0,1.0,1.3,0.044,0.062,3.5,0.002,0.13
Brown rice,Grains,0.003,123.0,26.0,0.0,0.97,1.6,0.039,0.086,2.7,0.004,0.24
Oat,Grains,0.054,389.0,66.0,0.0,6.9,11.0,0.177,0.429,17.0,0.002,0.0
Rice,Grains,0.01,130.0,28.0,0.0,0.28,0.4,0.012,0.035,2.7,0.001,0.05
Arborio rice,Grains,0.001,130.0,29.0,0.0,0.19,0.0,0.008,0.026,2.4,0.0,0.0
Glutinous rice,Grains,0.002,97.0,21.0,0.0,0.19,1.0,0.005,0.01,2.0,0.005,0.05
Rye,Grains,0.024,338.0,76.0,0.0,1.6,15.0,0.11,0.51,10.0,0.002,0.98
Flour,Grains,0.015,364.0,76.0,0.0,0.98,2.7,0.022,0.107,10.0,0.002,0.27
Pasta,Grains,0.006,131.0,25.0,0.033,1.1,0.0,0.018,0.024,5.2,0.006,0.0
Noodles,Grains,0.012,138.0,25.0,0.029,2.1,1.2,0.021,0.038,4.5,0.005,0.4
Soba,Grains,0.004,99.0,21.0,0.0,0.1,0.0,0.009,0.035,5.1,0.06,0.0
Khorasan wheat,Grains,0.022,337.0,71.0,0.0,2.1,11.0,0.13,0.403,15.0,0.005,7.8
Spaghetti,Grains,0.007,158.0,31.0,0.0,0.93,1.8,0.018,0.044,5.8,0.001,0.56
Semolina,Grains,0.071,374.0,81.0,0.0,1.0,1.8,0.027,0.174,7.5,0.002,0.33
Spätzle,Grains,0.012,138.0,25.0,0.029,2.1,1.2,0.021,0.038,4.5,0.165,0.4
Papadum,Grains,0.143,371.0,60.0,0.004,3.3,19.0,0.271,1.0,26.0,1.745,0.0
Bean,Grains,0.05,105.0,20.0,0.0,0.4,5.5,0.032,0.296,4.8,0.001,7.8
Tofu yogurt,Grains,0.118,94.0,16.0,0.0,1.8,0.2,0.04,0.047,3.5,0.035,1.2
Wheat gluten,Grains,0.142,370.0,14.0,0.0,1.9,0.6,0.025,0.1,75.0,0.029,0.0
Chicken meat,Meat,0.015,239.0,0.0,0.088,14.0,0.0,0.023,0.223,27.0,0.082,0.0
Chicken gizzard,Meat,0.017,154.0,0.0,0.37,2.7,0.0,0.003,0.179,30.0,0.056,0.0
Chicken heart,Meat,0.012,153.0,0.71,0.136,9.3,0.0,0.015,0.176,16.0,0.074,0.0
Chicken liver,Meat,0.008,119.0,0.73,0.345,4.8,0.0,0.019,0.23,17.0,0.071,0.0
Chicken breast,Meat,0.016,187.0,0.51,0.091,4.7,0.0,0.031,0.276,33.0,0.079,0.0
Chicken neck,Meat,0.018,297.0,0.0,0.099,26.0,0.0,0.013,0.137,14.0,0.064,0.0
Chicken thigh,Meat,0.013,218.0,1.2,0.102,10.0,0.0,0.026,0.259,28.0,0.095,0.0
Chicken wing,Meat,0.02,324.0,11.0,0.079,22.0,0.3,0.016,0.138,20.0,0.32,0.0
Duck meat,Meat,0.011,337.0,0.0,0.084,28.0,0.0,0.016,0.204,19.0,0.059,0.0
Domestic goose,Meat,0.014,238.0,0.0,0.096,13.0,0.0,0.025,0.388,29.0,0.076,0.0
Quail meat,Meat,0.013,192.0,0.0,0.076,12.0,0.0,0.023,0.216,20.0,0.053,0.0
Turkey meat,Meat,0.014,189.0,0.06,0.109,7.4,0.0,0.03,0.239,29.0,0.103,0.0
Turkey neck,Meat,0.024,125.0,0.0,0.115,6.0,0.0,0.015,0.133,17.0,0.233,0.0
Turkey breast,Meat,0.013,157.0,0.0,0.065,7.0,0.0,0.024,0.275,22.0,0.059,0.0
Turkey leg,Meat,0.017,144.0,0.0,0.071,6.7,0.0,0.021,0.273,20.0,0.074,0.0
Turkey wing,Meat,0.014,197.0,0.0,0.07,12.0,0.0,0.021,0.24,20.0,0.055,0.0
Foie gras,Meat,0.07,462.0,4.7,0.15,44.0,0.0,0.013,0.138,11.0,0.697,0.0
Ground turkey,Meat,0.028,203.0,0.0,0.093,10.0,0.0,0.03,0.294,27.0,0.078,0.0
Ground chicken,Meat,0.008,189.0,0.0,0.107,11.0,0.0,0.028,0.677,23.0,0.075,0.0
Chicken feet,Meat,0.088,215.0,0.2,0.084,15.0,0.0,0.005,0.031,19.0,0.067,0.0
Fajita,Meat,0.013,135.0,2.2,0.088,5.7,0.0,0.022,0.284,19.0,0.799,0.0
Barbecue chicken,Meat,0.016,226.0,0.12,0.127,15.0,0.0,0.021,0.255,23.0,0.335,0.12
Turkey ham,Meat,0.007,118.0,3.1,0.064,4.0,0.0,0.016,0.253,16.0,0.909,1.2
Ostrich,Meat,0.006,145.0,0.0,0.085,2.6,0.0,0.025,0.362,28.0,0.08,0.0
Blood sausage,Meat,0.006,379.0,1.3,0.12,35.0,0.0,0.008,0.038,15.0,0.68,1.3
Bockwurst,Meat,0.041,301.0,3.0,0.093,26.0,1.0,0.026,0.27,14.0,0.756,1.3
Bologna sausage,Meat,0.011,247.0,0.73,0.059,20.0,0.0,0.014,0.281,15.0,0.907,0.0
Braunschweiger,Meat,0.009,327.0,3.1,0.18,29.0,0.0,0.011,0.199,15.0,0.977,0.0
Chorizo,Meat,0.008,455.0,1.9,0.088,38.0,0.0,0.018,0.398,24.0,1.235,0.0
Headcheese,Meat,0.016,157.0,0.0,0.069,11.0,0.0,0.009,0.031,14.0,0.941,0.0
Knackwurst,Meat,0.011,307.0,3.2,0.06,28.0,0.0,0.011,0.199,11.0,0.93,0.0
Leberkäse,Meat,0.008,304.0,2.1,0.174,26.0,0.0,0.012,0.226,15.0,1.225,0.0
Roast beef,Meat,0.005,115.0,0.64,0.051,3.7,0.0,0.02,0.647,19.0,0.853,0.29
Luncheon meat,Meat,0.005,189.0,1.0,0.078,13.0,0.0,0.018,0.3,18.0,0.82,0.0
Mortadella,Meat,0.018,311.0,3.1,0.056,25.0,0.0,0.011,0.163,16.0,1.246,0.0
Chicken liver pate,Meat,0.01,201.0,6.6,0.391,13.0,0.0,0.013,0.095,13.0,0.386,0.0
Pâté,Meat,0.07,319.0,1.5,0.255,28.0,0.0,0.013,0.138,14.0,0.697,0.0
Pepperoni,Meat,0.019,504.0,1.2,0.097,46.0,0.0,0.018,0.274,19.0,1.582,0.0
Salami,Meat,0.015,336.0,2.4,0.089,26.0,0.0,0.019,0.316,22.0,1.74,0.96
Cervelat,Meat,0.009,362.0,3.3,0.074,30.0,0.0,0.014,0.26,17.0,1.3,0.85
Vienna sausage,Meat,0.01,230.0,2.6,0.087,19.0,0.0,0.007,0.101,11.0,0.879,0.0
Italian sausage,Meat,0.021,344.0,4.3,0.057,27.0,0.1,0.018,0.304,19.0,0.743,1.9
Turkey bacon,Meat,0.08,226.0,1.9,0.086,17.0,0.0,0.016,0.349,16.0,1.069,0.0
Liverwurst,Meat,0.022,305.0,5.9,0.118,25.0,2.5,0.012,0.17,12.0,0.7,1.7
Polish sausage,Meat,0.012,259.0,3.6,0.066,19.0,0.0,0.014,0.237,18.0,1.54,0.0
Summer sausage,Meat,0.081,426.0,1.8,0.089,38.0,0.2,0.013,0.206,19.0,1.483,0.12
Turkey sausage,Meat,0.032,235.0,1.6,0.16,18.0,0.0,0.016,0.229,15.0,0.639,0.0
Bratwurst,Meat,0.007,297.0,2.0,0.078,26.0,0.0,0.015,0.283,12.0,0.848,0.0
Kielbasa,Meat,0.0,226.0,3.9,0.07,18.0,0.0,0.0,0.0,13.0,1.2,0.0
Scrapple,Meat,0.007,213.0,14.0,0.049,14.0,0.3,0.013,0.158,8.1,0.482,0.2
Meatball,Meat,0.08,286.0,8.1,0.066,22.0,2.3,0.031,0.296,14.0,0.666,3.5
Pork belly,Meat,0.005,518.0,0.0,0.072,53.0,0.0,0.004,0.185,9.3,0.032,0.0
Pork leg,Meat,0.005,245.0,0.0,0.073,19.0,0.0,0.02,0.315,17.0,0.047,0.0
Pork loin,Meat,0.018,198.0,0.0,0.063,13.0,0.0,0.021,0.356,20.0,0.05,0.0
Pork,Meat,0.019,242.0,0.0,0.08,14.0,0.0,0.028,0.423,27.0,0.062,0.0
Pork chop,Meat,0.056,231.0,0.0,0.078,14.0,0.0,0.02,0.315,24.0,0.074,0.0
Pork shoulder,Meat,0.015,236.0,0.0,0.071,18.0,0.0,0.018,0.302,17.0,0.065,0.0
Pork spare ribs,Meat,0.015,277.0,0.0,0.08,23.0,0.0,0.016,0.242,15.0,0.081,0.0
Pork jowl,Meat,0.004,655.0,0.0,0.09,70.0,0.0,0.003,0.148,6.4,0.025,0.0
Liver,Meat,0.01,165.0,3.8,0.355,4.4,0.0,0.014,0.15,26.0,0.049,0.0
Ham,Meat,0.008,145.0,1.5,0.053,5.5,0.0,0.014,0.287,21.0,1.203,0.0
Pork bacon,Meat,0.01,548.0,1.4,0.107,43.0,0.0,0.03,0.539,36.0,2.193,0.0
Pork hock,Meat,0.019,171.0,0.0,0.089,11.0,0.0,0.006,0.047,19.0,1.05,0.0
Canadian bacon,Meat,0.007,146.0,1.8,0.067,2.8,0.0,0.027,0.999,28.0,0.993,1.2
Short ribs,Meat,0.012,471.0,0.0,0.094,42.0,0.0,0.015,0.224,22.0,0.05,0.0
Beef shank,Meat,0.032,201.0,0.0,0.078,6.4,0.0,0.03,0.447,34.0,0.064,0.0
T bone steak,Meat,0.019,217.0,0.0,0.081,11.0,0.0,0.02,0.28,27.0,0.068,0.0
Beef Liver,Meat,0.006,191.0,5.1,0.396,5.3,0.0,0.021,0.352,29.0,0.079,0.0
Corned beef,Meat,0.008,251.0,0.47,0.098,19.0,0.0,0.012,0.145,18.0,0.973,0.0
Pastrami,Meat,0.01,147.0,0.36,0.068,5.8,0.0,0.017,0.21,22.0,1.078,0.1
Pot roast,Meat,0.016,297.0,0.0,0.116,19.0,0.0,0.019,0.231,29.0,0.047,0.0
Beef ribs,Meat,0.01,372.0,0.0,0.085,30.0,0.0,0.02,0.29,23.0,0.064,0.0
Beef sirloin,Meat,0.022,177.0,0.0,0.081,5.0,0.0,0.027,0.41,31.0,0.066,0.0
Porterhouse steak,Meat,0.007,276.0,0.0,0.067,19.0,0.0,0.022,0.299,24.0,0.065,0.0
Ground beef,Meat,0.033,241.0,0.0,0.088,15.0,0.0,0.017,0.241,24.0,0.073,0.0
Brisket,Meat,0.016,289.0,0.0,0.106,18.0,0.0,0.019,0.232,29.0,0.048,0.0
Beefsteak,Meat,0.022,250.0,0.0,0.079,15.0,0.0,0.023,0.34,27.0,0.057,0.0
Beef tenderloin,Meat,0.009,324.0,0.0,0.085,25.0,0.0,0.022,0.331,24.0,0.057,0.0
Flank steak,Meat,0.02,192.0,0.0,0.079,8.2,0.0,0.023,0.339,28.0,0.056,0.0
Lamb,Meat,0.017,294.0,0.0,0.097,21.0,0.0,0.023,0.31,25.0,0.072,0.0
Lamb leg,Meat,0.009,230.0,0.0,0.069,17.0,0.0,0.023,0.249,18.0,0.056,0.0
Lamb loin,Meat,0.018,309.0,0.0,0.095,24.0,0.0,0.023,0.246,23.0,0.064,0.0
Lamb ribs,Meat,0.022,359.0,0.0,0.097,30.0,0.0,0.02,0.271,21.0,0.073,0.0
Lamb shoulder,Meat,0.018,279.0,0.0,0.092,20.0,0.0,0.023,0.259,23.0,0.065,0.0
Veal,Meat,0.017,172.0,0.0,0.103,7.6,0.0,0.024,0.337,24.0,0.083,0.0
Game,Meat,0.004,150.0,0.0,0.126,2.7,0.0,0.028,0.372,29.0,0.054,0.0
Bear meat,Meat,0.005,259.0,0.0,0.098,13.0,0.0,0.023,0.263,32.0,0.071,0.0
Bison meat,Meat,0.008,143.0,0.0,0.082,2.4,0.0,0.026,0.361,28.0,0.057,0.0
Caribou meat,Meat,0.022,167.0,0.0,0.109,4.4,0.0,0.027,0.31,30.0,0.06,0.0
Goat,Meat,0.017,143.0,0.0,0.075,3.0,0.0,0.0,0.405,27.0,0.086,0.0
Horse meat,Meat,0.008,175.0,0.0,0.068,6.1,0.0,0.025,0.379,28.0,0.055,0.0
Rabbit Meat,Meat,0.018,173.0,0.0,0.123,3.5,0.0,0.031,0.343,33.0,0.045,0.0
Elk meat,Meat,0.005,162.0,0.0,0.072,3.4,0.0,0.029,0.392,31.0,0.05,0.0
Deer meat,Meat,0.005,149.0,0.0,0.088,2.4,0.0,0.033,0.434,30.0,0.057,0.0
Chuck steak,Meat,0.016,277.0,0.0,0.087,20.0,0.0,0.022,0.325,25.0,0.071,0.0
Rib eye steak,Meat,0.011,291.0,0.0,0.08,22.0,0.0,0.022,0.26,24.0,0.054,0.0
Steak,Meat,0.012,271.0,0.0,0.078,19.0,0.0,0.023,0.279,25.0,0.058,0.0
Beef,Meat,0.013,169.0,0.0,0.085,6.5,0.0,0.014,0.352,28.0,0.054,0.0
Mutton,Meat,0.01,234.0,0.08,0.109,11.0,0.0,0.031,0.409,33.0,0.135,0.0
Frog legs,Meat,0.018,73.0,0.0,0.05,0.3,0.0,0.02,0.285,16.0,0.058,0.0
Allspice,Spices,0.661,263.0,72.0,0.0,8.7,22.0,0.135,1.044,6.1,0.077,0.0
Star anise,Spices,0.646,337.0,50.0,0.0,16.0,15.0,0.17,1.441,18.0,0.016,0.0
Bay leaf,Spices,0.834,313.0,75.0,0.0,8.4,26.0,0.12,0.529,7.6,0.023,0.0
Caraway spice,Spices,0.689,333.0,50.0,0.0,15.0,38.0,0.258,1.351,20.0,0.017,0.64
Cardamom,Spices,0.383,311.0,68.0,0.0,6.7,28.0,0.229,1.119,11.0,0.018,0.0
Chili powder spice,Spices,0.33,282.0,50.0,0.0,14.0,35.0,0.149,1.95,13.0,2.867,7.2
Cinnamon,Spices,1.002,247.0,81.0,0.0,1.2,53.0,0.06,0.431,4.0,0.01,2.2
Ground cloves,Spices,0.632,274.0,66.0,0.0,13.0,34.0,0.259,1.02,6.0,0.277,2.4
Coriander seeds,Spices,0.709,298.0,55.0,0.0,18.0,42.0,0.33,1.267,12.0,0.035,0.0
Cumin,Spices,0.931,375.0,44.0,0.0,22.0,11.0,0.366,1.788,18.0,0.168,2.3
Curry powder,Spices,0.525,325.0,56.0,0.0,14.0,53.0,0.255,1.17,14.0,0.052,2.8
Dill seeds,Spices,1.516,305.0,55.0,0.0,15.0,21.0,0.256,1.186,16.0,0.02,0.0
Dried dill weed,Spices,1.784,253.0,56.0,0.0,4.4,14.0,0.451,3.308,20.0,0.208,0.0
Fennel seeds,Spices,1.196,345.0,52.0,0.0,15.0,40.0,0.385,1.694,16.0,0.088,0.0
Fenugreek,Spices,0.176,323.0,58.0,0.0,6.4,25.0,0.191,0.77,23.0,0.067,0.0
Garlic powder,Spices,0.079,331.0,73.0,0.0,0.73,9.0,0.077,1.193,17.0,0.06,2.4
Ground ginger,Spices,0.114,335.0,72.0,0.0,4.2,14.0,0.214,1.32,9.0,0.027,3.4
Marjoram,Spices,1.99,271.0,61.0,0.0,7.0,40.0,0.346,1.522,13.0,0.077,4.1
Nutmeg,Spices,0.184,525.0,49.0,0.0,36.0,21.0,0.183,0.35,5.8,0.016,3.0
Onion powder,Spices,0.384,341.0,79.0,0.0,1.0,15.0,0.113,0.985,10.0,0.073,6.6
Oregano,Spices,1.597,265.0,69.0,0.0,4.3,43.0,0.27,1.26,9.0,0.025,4.1
Paprika,Spices,0.229,282.0,54.0,0.0,13.0,35.0,0.178,2.28,14.0,0.068,10.0
Dried parsely,Spices,1.14,292.0,51.0,0.0,5.5,27.0,0.4,2.683,27.0,0.452,7.3
Black pepper,Spices,0.443,251.0,64.0,0.0,3.3,25.0,0.171,1.329,10.0,0.02,0.64
Cayenne pepper,Spices,0.148,318.0,57.0,0.0,17.0,27.0,0.152,2.014,12.0,0.03,10.0
White pepper,Spices,0.265,296.0,69.0,0.0,2.1,26.0,0.09,0.073,10.0,0.005,0.0
Poppy seed,Spices,1.438,525.0,28.0,0.0,42.0,20.0,0.347,0.719,18.0,0.026,3.0
Poultry seasoning,Spices,0.996,307.0,66.0,0.0,7.5,11.0,0.224,0.684,9.6,0.027,1.8
Pumpkin pie spice,Spices,0.682,342.0,69.0,0.0,13.0,15.0,0.136,0.663,5.8,0.052,7.8
Dried rosemary,Spices,1.28,331.0,64.0,0.0,15.0,43.0,0.22,0.955,4.9,0.05,0.0
Saffron,Spices,0.111,310.0,65.0,0.0,5.9,3.9,0.264,1.724,11.0,0.148,0.0
Tarragon,Spices,1.139,295.0,50.0,0.0,7.2,7.4,0.347,3.02,23.0,0.062,0.0
Dried thyme,Spices,1.89,276.0,64.0,0.0,7.4,37.0,0.22,0.814,9.1,0.055,1.7
Turmeric,Spices,0.168,312.0,67.0,0.0,3.3,23.0,0.208,2.08,9.7,0.027,3.2
Mustard,Spices,0.063,60.0,5.8,0.0,3.3,4.0,0.048,0.152,3.7,1.104,0.92
Table salt,Spices,0.024,0.0,0.0,0.0,0.0,0.0,0.001,0.008,0.0,38.758,0.0
Apple cider vinegar,Spices,0.007,21.0,0.93,0.0,0.0,0.0,0.005,0.073,0.0,0.005,0.4
Vanilla extract,Spices,0.011,288.0,13.0,0.0,0.06,0.0,0.012,0.148,0.06,0.009,13.0
Vinegar,Spices,0.006,18.0,0.04,0.0,0.0,0.0,0.001,0.002,0.0,0.002,0.04
Caper,Spices,0.04,23.0,4.9,0.0,0.86,3.2,0.033,0.04,2.4,2.348,0.41
Horseradish,Spices,0.056,48.0,11.0,0.0,0.69,3.3,0.027,0.246,1.2,0.42,8.0
Spearmint,Spices,0.199,44.0,8.4,0.0,0.73,6.8,0.063,0.458,3.3,0.03,0.0
Balsamic vinegar,Spices,0.027,88.0,17.0,0.0,0.0,0.0,0.012,0.112,0.49,0.023,15.0
Taco seasoning,Spices,0.0,188.0,56.0,0.0,0.0,19.0,0.0,0.0,0.0,8.068,19.0
Mayonnaise,Spices,0.008,680.0,0.57,0.042,75.0,0.0,0.001,0.02,0.96,0.635,0.57
Cocoa solids,Spices,0.128,228.0,58.0,0.0,14.0,37.0,0.499,1.524,20.0,0.021,1.8
Alfalfa seeds,Nuts,0.032,23.0,2.1,0.0,0.69,1.9,0.027,0.079,4.0,0.006,0.2
Radish seeds,Nuts,0.051,43.0,3.6,0.0,2.5,0.0,0.044,0.086,3.8,0.006,0.0
Lotus seeds,Nuts,0.163,332.0,64.0,0.0,2.0,0.0,0.21,1.368,15.0,0.005,0.0
Safflower,Nuts,0.078,517.0,34.0,0.0,38.0,0.0,0.353,0.687,16.0,0.003,0.0
Acorns,Nuts,0.041,387.0,41.0,0.0,24.0,0.0,0.062,0.539,6.2,0.0,0.0
Almond,Nuts,0.269,579.0,22.0,0.0,50.0,13.0,0.27,0.733,21.0,0.001,4.4
Almond paste,Nuts,0.172,458.0,48.0,0.0,28.0,4.8,0.13,0.314,9.0,0.009,36.0
Beechnuts,Nuts,0.001,576.0,34.0,0.0,50.0,0.0,0.0,1.017,6.2,0.038,0.0
Brazil nut,Nuts,0.16,659.0,12.0,0.0,67.0,7.5,0.376,0.659,14.0,0.003,2.3
Cashew,Nuts,0.037,553.0,30.0,0.0,44.0,3.3,0.292,0.66,18.0,0.012,5.9
Chestnut,Nuts,0.046,131.0,28.0,0.0,1.4,0.0,0.054,0.715,2.0,0.027,0.0
Hazelnut,Nuts,0.114,628.0,17.0,0.0,61.0,9.7,0.163,0.68,15.0,0.0,4.3
Ginkgo nuts,Nuts,0.002,182.0,38.0,0.0,1.7,0.0,0.027,0.51,4.3,0.007,0.0
Hickory nut,Nuts,0.061,657.0,18.0,0.0,64.0,6.4,0.173,0.436,13.0,0.001,0.0
Macadamia,Nuts,0.085,718.0,14.0,0.0,76.0,8.6,0.13,0.368,7.9,0.005,4.6
Mixed nuts,Nuts,0.117,607.0,21.0,0.0,54.0,7.0,0.229,0.632,20.0,0.005,4.2
Pecan,Nuts,0.07,691.0,14.0,0.0,72.0,9.6,0.121,0.41,9.2,0.0,4.0
Pili nuts,Nuts,0.145,719.0,4.0,0.0,80.0,0.0,0.302,0.507,11.0,0.003,0.0
Pine nuts,Nuts,0.016,673.0,13.0,0.0,68.0,3.7,0.251,0.597,14.0,0.002,3.6
Pistachio,Nuts,0.105,560.0,27.0,0.0,45.0,11.0,0.121,1.025,20.0,0.001,7.7
Walnut,Nuts,0.098,654.0,14.0,0.0,65.0,6.7,0.158,0.441,15.0,0.002,2.6
Tahini,Nuts,0.426,595.0,21.0,0.0,54.0,9.3,0.095,0.414,17.0,0.115,0.49
Watermelon seeds,Nuts,0.054,557.0,15.0,0.0,47.0,0.0,0.515,0.648,28.0,0.099,0.0
Almond butter,Nuts,0.347,614.0,19.0,0.0,56.0,10.0,0.279,0.748,21.0,0.007,4.4
Castanea crenata,Nuts,0.031,154.0,35.0,0.0,0.53,0.0,0.049,0.329,2.3,0.014,0.0
Cashew butter,Nuts,0.061,609.0,30.0,0.0,53.0,3.0,0.206,0.447,12.0,0.295,9.1
Peanut,Nuts,0.092,567.0,16.0,0.0,49.0,8.5,0.168,0.705,26.0,0.018,4.7
Basil,Greens,0.177,23.0,2.7,0.0,0.64,1.6,0.064,0.295,3.2,0.004,0.3
Dill,Greens,0.208,43.0,7.0,0.0,1.1,2.1,0.055,0.738,3.5,0.061,0.0
Thyme,Greens,0.405,101.0,24.0,0.0,1.7,14.0,0.16,0.609,5.6,0.009,0.0
Rosemary,Greens,0.317,131.0,21.0,0.0,5.9,14.0,0.091,0.668,3.3,0.026,0.0
Peppermint,Greens,0.243,70.0,15.0,0.0,0.94,8.0,0.08,0.569,3.8,0.031,0.0
Garden rhubarb,Greens,0.086,21.0,4.5,0.0,0.2,1.8,0.012,0.288,0.9,0.004,1.1
Amaranth leaves,Greens,0.215,23.0,4.0,0.0,0.33,0.0,0.055,0.611,2.5,0.02,0.0
Rapini,Greens,0.108,22.0,2.9,0.0,0.49,2.7,0.022,0.196,3.2,0.033,0.38
Butterbur,Greens,0.103,14.0,3.6,0.0,0.04,0.0,0.014,0.655,0.39,0.007,0.0
Cardoon,Greens,0.07,17.0,4.1,0.0,0.1,1.6,0.042,0.4,0.7,0.17,0.0
Celery,Greens,0.04,16.0,3.0,0.0,0.17,1.6,0.011,0.26,0.69,0.08,1.3
Chard,Greens,0.058,20.0,4.1,0.0,0.08,2.1,0.086,0.549,1.9,0.179,1.1
Chives,Greens,0.092,30.0,4.4,0.0,0.73,2.5,0.042,0.296,3.3,0.003,1.9
Chrysanthemum,Greens,0.117,24.0,3.0,0.0,0.56,3.0,0.032,0.567,3.4,0.118,0.0
Marrow-stem Kale,Greens,0.232,32.0,5.4,0.0,0.61,4.0,0.027,0.213,3.0,0.017,0.46
Collard Greens,Greens,0.141,33.0,5.7,0.0,0.72,4.0,0.021,0.117,2.7,0.015,0.4
Coriander,Greens,0.067,23.0,3.7,0.0,0.52,2.8,0.026,0.521,2.1,0.046,0.87
Garden cress,Greens,0.081,32.0,5.5,0.0,0.7,1.1,0.038,0.606,2.6,0.014,4.4
Dandelion greens,Greens,0.187,45.0,9.2,0.0,0.7,3.5,0.036,0.397,2.7,0.076,0.71
Escarole,Greens,0.046,19.0,3.1,0.0,0.18,2.8,0.013,0.245,1.2,0.019,0.23
Drumstick leaves,Greens,0.185,64.0,8.3,0.0,1.4,2.0,0.042,0.337,9.4,0.009,0.0
Kale,Greens,0.072,28.0,5.6,0.0,0.4,2.0,0.018,0.228,1.9,0.023,1.3
Lambsquarters,Greens,0.309,43.0,7.3,0.0,0.8,4.0,0.034,0.452,4.2,0.043,0.0
Leek,Greens,0.059,61.0,14.0,0.0,0.3,1.8,0.028,0.18,1.5,0.02,3.9
Lettuce,Greens,0.036,15.0,2.9,0.0,0.15,1.3,0.013,0.194,1.4,0.028,0.78
Mustard Greens,Greens,0.118,26.0,4.5,0.0,0.47,2.0,0.013,0.162,2.6,0.009,1.4
Scallion,Greens,0.072,32.0,7.3,0.0,0.19,2.6,0.02,0.276,1.8,0.016,2.3
Welsh onion,Greens,0.018,34.0,6.5,0.0,0.4,2.4,0.023,0.212,1.9,0.017,2.2
Parsley,Greens,0.138,36.0,6.3,0.0,0.79,3.3,0.05,0.554,3.0,0.056,0.85
Pumpkin leaves,Greens,0.039,19.0,2.3,0.0,0.4,0.0,0.038,0.436,3.2,0.011,0.0
Purslane,Greens,0.065,20.0,3.4,0.0,0.36,0.0,0.068,0.494,2.0,0.045,0.0
Spinach,Greens,0.136,23.0,3.8,0.0,0.26,2.4,0.087,0.466,3.0,0.07,0.43
Sweet potato leaves,Greens,0.078,42.0,8.8,0.0,0.51,5.3,0.07,0.508,2.5,0.006,0.0
Taro leaves,Greens,0.107,42.0,6.7,0.0,0.74,3.7,0.045,0.648,5.0,0.003,3.0
Vine spinach (basella),Greens,0.109,19.0,3.4,0.0,0.3,0.0,0.065,0.51,1.8,0.024,0.0
Watercress,Greens,0.12,11.0,1.3,0.0,0.1,0.5,0.021,0.33,2.3,0.041,0.2
Borage,Greens,0.093,21.0,3.1,0.0,0.7,0.0,0.052,0.47,1.8,0.08,0.0
Drumstick tree,Greens,0.03,37.0,8.5,0.0,0.2,3.2,0.045,0.461,2.1,0.042,0.0
Arugula,Greens,0.16,25.0,3.7,0.0,0.66,1.6,0.047,0.369,2.6,0.027,2.1
Lemongrass,Greens,0.065,99.0,25.0,0.0,0.49,0.0,0.06,0.723,1.8,0.006,0.0
Grape leaves,Greens,0.363,93.0,17.0,0.0,2.1,11.0,0.095,0.272,5.6,0.009,6.3
Fireweed,Greens,0.429,103.0,19.0,0.0,2.8,11.0,0.156,0.494,4.7,0.034,0.0
Barley,Greens,0.011,123.0,28.0,0.0,0.44,3.8,0.022,0.093,2.3,0.003,0.28
Bulgur,Greens,0.01,83.0,19.0,0.0,0.24,4.5,0.032,0.068,3.1,0.005,0.1
Corn grain,Greens,0.007,365.0,74.0,0.0,4.7,7.3,0.127,0.287,9.4,0.035,0.64
Hominy,Greens,0.01,72.0,14.0,0.0,0.88,2.5,0.016,0.009,1.5,0.345,1.8
Bran,Greens,0.01,40.0,11.0,0.0,0.86,2.6,0.04,0.092,3.2,0.001,0.0
Triticale,Greens,0.037,336.0,72.0,0.0,2.1,0.0,0.13,0.332,13.0,0.005,0.0
Wild rice,Greens,0.003,101.0,21.0,0.0,0.34,1.8,0.032,0.101,4.0,0.003,0.73
Spinach pasta,Greens,0.043,289.0,56.0,0.073,2.1,0.0,0.063,0.272,11.0,0.027,0.0
Chow mein,Greens,0.02,475.0,73.0,0.0,15.0,3.7,0.052,0.12,8.1,1.174,5.7
Somen noodles,Greens,0.008,131.0,28.0,0.0,0.18,0.0,0.002,0.029,4.0,0.161,0.0
Barley flour,Greens,0.032,345.0,75.0,0.0,1.6,10.0,0.096,0.309,11.0,0.004,0.8
Rice noodles,Greens,0.004,108.0,24.0,0.0,0.2,1.0,0.003,0.004,1.8,0.019,0.03
Quinoa,Greens,0.017,120.0,21.0,0.0,1.9,2.8,0.064,0.172,4.4,0.007,0.87
Wheat,Greens,0.009,132.0,28.0,0.0,0.83,4.3,0.048,0.164,5.7,0.008,3.1
Spelt,Greens,0.01,127.0,26.0,0.0,0.85,3.9,0.049,0.143,5.5,0.005,0.0
Teff,Greens,0.049,101.0,20.0,0.0,0.65,2.8,0.05,0.107,3.9,0.008,0.0
Egg noodles,Greens,0.012,138.0,25.0,0.029,2.1,1.2,0.021,0.038,4.5,0.005,0.4
Millet flour,Greens,0.014,382.0,75.0,0.0,4.3,3.5,0.119,0.224,11.0,0.004,1.7
Fortune cookie,Sweets,0.012,378.0,84.0,0.002,2.7,1.6,0.007,0.041,4.2,0.031,45.0
Fruit leather,Sweets,0.018,359.0,83.0,0.0,2.7,0.0,0.014,0.164,1.0,0.403,58.0
Pretzel,Sweets,0.036,381.0,79.0,0.0,3.5,2.8,0.035,0.146,9.1,1.715,0.0
Tootsie roll,Sweets,0.036,387.0,88.0,0.002,3.3,0.1,0.022,0.116,1.6,0.044,56.0
Almond joy,Sweets,0.064,479.0,60.0,0.004,27.0,5.0,0.0,0.254,4.1,0.142,48.0
Bit-o-honey,Sweets,0.035,375.0,81.0,0.0,7.5,0.2,0.007,0.044,2.0,0.295,48.0
Butterfinger,Sweets,0.036,459.0,73.0,0.0,19.0,2.0,0.048,0.22,5.4,0.23,46.0
Butterscotch,Sweets,0.004,391.0,90.0,0.009,3.3,0.0,0.0,0.003,0.03,0.391,80.0
Carob,Sweets,0.303,540.0,56.0,0.001,31.0,3.8,0.036,0.633,8.2,0.107,34.0
Caramel,Sweets,0.138,382.0,77.0,0.007,8.1,0.0,0.017,0.214,4.6,0.245,66.0
Caramello,Sweets,0.213,462.0,64.0,0.027,21.0,1.2,0.0,0.341,6.2,0.122,57.0
White chocolate,Sweets,0.199,539.0,59.0,0.021,32.0,0.2,0.012,0.286,5.9,0.09,59.0
York peppermint pattie,Sweets,0.011,384.0,81.0,0.001,7.2,2.0,0.0,0.111,2.2,0.028,64.0
Twizzlers,Sweets,0.008,347.0,79.0,0.0,2.6,0.6,0.0,0.037,2.3,0.195,51.0
Crème caramel,Sweets,0.083,145.0,23.0,0.09,4.0,0.0,0.009,0.118,4.5,0.053,23.0
Ice cream,Sweets,0.128,207.0,24.0,0.044,11.0,0.7,0.014,0.199,3.5,0.08,21.0
Sherbet,Sweets,0.054,144.0,30.0,0.001,2.0,1.3,0.008,0.096,1.1,0.046,24.0
Fondant icing,Sweets,0.003,373.0,93.0,0.0,0.02,0.0,0.0,0.004,0.0,0.011,89.0
Fudge,Sweets,0.049,411.0,76.0,0.014,10.0,1.7,0.036,0.134,2.4,0.045,73.0
Goobers,Sweets,0.089,512.0,53.0,0.012,34.0,9.7,0.0,0.502,9.7,0.036,43.0
Gumdrop,Sweets,0.003,396.0,99.0,0.0,0.0,0.1,0.001,0.005,0.0,0.044,59.0
Jelly bean,Sweets,0.003,375.0,94.0,0.0,0.05,0.2,0.002,0.037,0.0,0.05,70.0
Kit Kat,Sweets,0.125,518.0,65.0,0.011,26.0,1.0,0.037,0.231,6.5,0.054,49.0
Baby ruth,Sweets,0.047,459.0,65.0,0.0,22.0,2.0,0.043,0.249,5.4,0.23,54.0
Marshmallow,Sweets,0.003,318.0,81.0,0.0,0.2,0.1,0.002,0.005,1.8,0.08,58.0
Halva,Sweets,0.033,469.0,60.0,0.0,22.0,4.5,0.218,0.187,12.0,0.195,0.0
Oh henry,Sweets,0.069,462.0,66.0,0.007,23.0,1.9,0.051,0.259,7.7,0.193,46.0
Chunky bar,Sweets,0.1,475.0,60.0,0.01,28.0,2.5,0.0,0.0,7.5,0.038,53.0
Banana pudding,Sweets,0.102,105.0,20.0,0.006,1.7,0.0,0.012,0.131,2.8,0.296,0.0
Chocolate pudding,Sweets,0.104,105.0,19.0,0.006,1.9,0.4,0.019,0.168,3.2,0.284,0.0
Milky way,Sweets,0.115,456.0,71.0,0.009,17.0,1.0,0.02,0.124,4.0,0.167,60.0
Skor bar,Sweets,0.03,541.0,64.0,0.053,30.0,1.3,0.01,0.153,3.1,0.317,60.0
M&Ms Peanut,Sweets,0.102,515.0,60.0,0.008,26.0,3.7,0.069,0.347,9.6,0.05,51.0
Mounds candy bar,Sweets,0.021,486.0,59.0,0.002,27.0,3.7,0.055,0.321,4.6,0.145,46.0
Mr. Goodbar,Sweets,0.11,538.0,54.0,0.01,33.0,3.8,0.047,0.394,10.0,0.041,47.0
100 grand bar,Sweets,0.076,468.0,71.0,0.012,19.0,1.0,0.025,0.163,2.5,0.203,52.0
Crunch bar,Sweets,0.1,500.0,67.0,0.013,26.0,1.9,0.0,0.305,5.0,0.15,55.0
Candy bar,Sweets,0.078,522.0,47.0,0.0,34.0,4.1,0.11,0.407,16.0,0.156,42.0
Raisinets,Sweets,0.085,422.0,71.0,0.011,17.0,2.2,0.0,0.0,4.4,0.033,59.0
Reeses cups,Sweets,0.078,515.0,55.0,0.006,31.0,3.6,0.062,0.343,10.0,0.357,47.0
Reese's pieces,Sweets,0.069,497.0,60.0,0.0,25.0,3.0,0.088,0.359,12.0,0.194,53.0
Rolo,Sweets,0.145,474.0,68.0,0.012,21.0,0.9,0.0,0.188,5.1,0.188,64.0
After eight,Sweets,0.013,432.0,80.0,0.0,12.0,2.4,0.0,0.0,1.7,0.001,67.0
Starburst,Sweets,0.0,408.0,83.0,0.0,8.2,0.0,0.001,0.002,0.41,0.002,58.0
3 musketeers,Sweets,0.054,436.0,78.0,0.005,13.0,1.5,0.029,0.133,2.6,0.194,67.0
Twix,Sweets,0.106,502.0,65.0,0.007,25.0,1.1,0.027,0.186,4.9,0.198,48.0
Whatchamacallit,Sweets,0.118,494.0,63.0,0.012,24.0,1.9,0.028,0.303,8.0,0.299,49.0
Chewing gum,Sweets,0.0,360.0,97.0,0.0,0.3,2.4,0.0,0.002,0.0,0.001,66.0
Cocoa bean,Sweets,0.111,220.0,58.0,0.0,13.0,30.0,0.476,2.509,18.0,0.019,1.8
Custard,Sweets,0.139,122.0,18.0,0.051,4.0,0.0,0.016,0.207,4.0,0.084,4.8
Gelatin dessert,Sweets,0.003,381.0,91.0,0.0,0.0,0.0,0.002,0.007,7.8,0.466,86.0
Mousse,Sweets,0.096,225.0,16.0,0.14,16.0,0.6,0.02,0.143,4.1,0.038,15.0
Apple crisp,Sweets,0.035,161.0,31.0,0.0,3.4,1.4,0.008,0.078,1.8,0.351,20.0
Flan,Sweets,0.024,348.0,92.0,0.0,0.0,0.0,0.0,0.153,0.0,0.432,0.0
Pudding,Sweets,0.106,120.0,20.0,0.009,3.2,0.8,0.02,0.15,3.2,0.098,12.0
Rice pudding,Sweets,0.105,111.0,21.0,0.006,1.6,0.1,0.013,0.13,3.3,0.109,0.0
Tapioca,Sweets,0.105,105.0,20.0,0.006,1.7,0.0,0.012,0.133,2.9,0.121,0.0
Praline,Sweets,0.043,485.0,60.0,0.0,26.0,3.5,0.049,0.217,3.3,0.048,56.0
Icing,Sweets,0.003,418.0,68.0,0.0,16.0,0.0,0.001,0.034,0.0,0.184,63.0
Reesesticks,Sweets,0.07,521.0,55.0,0.006,31.0,3.3,0.049,0.295,9.5,0.264,40.0
Reese's fast break,Sweets,0.061,474.0,62.0,0.004,23.0,2.9,0.048,0.284,8.7,0.33,53.0
Dove milk chocolate,Sweets,0.16,546.0,60.0,0.018,32.0,2.4,0.0,0.0,5.9,0.063,55.0
Chocolate ice cream,Sweets,0.109,216.0,28.0,0.034,11.0,1.2,0.029,0.249,3.8,0.076,25.0
Italian ice,Sweets,0.001,53.0,14.0,0.0,0.02,0.0,0.0,0.006,0.03,0.004,0.0
Ice pop,Sweets,0.0,79.0,19.0,0.0,0.24,0.0,0.001,0.015,0.0,0.007,14.0
Mars,Sweets,0.09,475.0,72.0,0.012,19.0,2.0,0.0,0.0,4.3,0.136,59.0
Honey,Sweets,0.006,304.0,82.0,0.0,0.0,0.2,0.002,0.052,0.3,0.004,82.0
Fruit preserves,Sweets,0.02,278.0,69.0,0.0,0.07,1.1,0.004,0.077,0.37,0.032,49.0
Marmalade,Sweets,0.038,246.0,66.0,0.0,0.0,0.7,0.002,0.037,0.3,0.056,60.0
Molasses,Sweets,0.205,290.0,75.0,0.0,0.1,0.0,0.242,1.464,0.0,0.037,75.0
Pectin,Sweets,0.007,325.0,90.0,0.0,0.3,8.6,0.001,0.007,0.3,0.2,0.0
Brown sugar,Sweets,0.083,380.0,98.0,0.0,0.0,0.0,0.009,0.133,0.12,0.028,97.0
Sugar,Sweets,0.001,387.0,100.0,0.0,0.0,0.0,0.0,0.002,0.0,0.001,100.0
Aspartame,Sweets,0.0,365.0,89.0,0.0,0.0,0.0,0.0,0.004,2.2,0.0,81.0
Maple sugar,Sweets,0.09,354.0,91.0,0.0,0.2,0.0,0.019,0.274,0.1,0.011,85.0
Corn syrup,Sweets,0.018,286.0,78.0,0.0,0.0,0.0,0.008,0.044,0.0,0.155,78.0
Maple syrup,Sweets,0.102,260.0,67.0,0.0,0.06,0.0,0.021,0.212,0.04,0.012,60.0
Sorghum syrup,Sweets,0.15,290.0,75.0,0.0,0.0,0.0,0.1,1.0,0.0,0.008,75.0
Snickers,Sweets,0.09,488.0,63.0,0.009,24.0,1.9,0.0,0.0,6.9,0.189,47.0
Skittles,Sweets,0.0,402.0,91.0,0.0,4.3,0.0,0.0,0.0,0.19,0.015,76.0
Taffy (candy),Sweets,0.008,397.0,92.0,0.009,3.3,0.0,0.0,0.003,0.03,0.052,68.0
Toffee,Sweets,0.034,560.0,65.0,0.104,33.0,0.0,0.004,0.051,1.1,0.135,63.0
Apricot jam,Sweets,0.02,242.0,64.0,0.0,0.2,0.3,0.004,0.077,0.7,0.04,43.0
Sucralose,Sweets,0.0,336.0,91.0,0.0,0.0,0.0,0.0,0.004,0.0,0.0,80.0
Creamsicle,Sweets,0.023,49.0,12.0,0.0,2.3,7.5,0.0,0.0,1.4,0.006,0.43
Chocolate,Sweets,0.056,546.0,61.0,0.008,31.0,7.0,0.146,0.559,4.9,0.024,48.0
Sugar substitute,Sweets,0.879,347.0,85.0,0.0,0.0,0.6,0.006,0.039,2.1,0.572,4.0
Agave nectar,Sweets,0.001,310.0,76.0,0.0,0.45,0.2,0.001,0.004,0.09,0.004,68.0
Stevia,Sweets,0.0,0.0,100.0,0.0,0.0,0.0,0.0,0.0,0.0,0.0,0.0
Payday,Sweets,0.094,490.0,53.0,0.0,25.0,3.8,0.09,0.725,13.0,0.231,40.0
Macaroon,Sweets,0.005,460.0,61.0,0.0,23.0,5.1,0.029,0.123,3.0,0.241,45.0
Grenadine,Sweets,0.006,268.0,67.0,0.0,0.0,0.0,0.004,0.028,0.0,0.027,47.0
Frozen yogurt,Sweets,0.1,127.0,22.0,0.013,3.6,0.0,0.01,0.156,3.0,0.063,20.0
Nougat,Sweets,0.032,398.0,92.0,0.0,1.7,3.3,0.032,0.105,3.3,0.033,45.0
Heart of palm,Sweets,0.018,115.0,26.0,0.0,0.2,1.5,0.01,1.806,2.7,0.014,17.0
Tabletop Sweeteners,Sweets,0.001,279.0,76.0,0.0,0.0,0.1,0.0,0.0,0.0,0.002,76.0
Lard,Oils and Sauces,0.0,902.0,0.0,0.095,100.0,0.0,0.0,0.0,0.0,0.0,0.0
Russian dressing,Oils and Sauces,0.013,355.0,32.0,0.0,26.0,0.7,0.01,0.173,0.69,1.133,18.0
Thousand island,Oils and Sauces,0.017,379.0,15.0,0.026,35.0,0.8,0.008,0.107,1.1,0.962,15.0
French dressing,Oils and Sauces,0.011,222.0,31.0,0.0,12.0,1.5,0.008,0.107,0.58,0.838,17.0
Italian dressing,Oils and Sauces,0.015,102.0,10.0,0.0,6.7,0.0,0.004,0.09,0.39,0.891,9.2
Soybean oil,Oils and Sauces,0.0,884.0,0.0,0.0,100.0,0.0,0.0,0.0,0.0,0.0,0.0
Rice bran oil,Oils and Sauces,0.0,884.0,0.0,0.0,100.0,0.0,0.0,0.0,0.0,0.0,0.0
Wheat germ oil,Oils and Sauces,0.0,884.0,0.0,0.0,100.0,0.0,0.0,0.0,0.0,0.0,0.0
Peanut oil,Oils and Sauces,0.0,884.0,0.0,0.0,100.0,0.0,0.0,0.0,0.0,0.0,0.0
Coconut oil,Oils and Sauces,0.001,892.0,0.0,0.0,99.0,0.0,0.0,0.0,0.0,0.0,0.0
Olive oil,Oils and Sauces,0.001,884.0,0.0,0.0,100.0,0.0,0.0,0.001,0.0,0.002,0.0
Palm oil,Oils and Sauces,0.0,884.0,0.0,0.0,100.0,0.0,0.0,0.0,0.0,0.0,0.0
Sesame oil,Oils and Sauces,0.0,884.0,0.0,0.0,100.0,0.0,0.0,0.0,0.0,0.0,0.0
Cocoa butter,Oils and Sauces,0.0,884.0,0.0,0.0,100.0,0.0,0.0,0.0,0.0,0.0,0.0
Cottonseed oil,Oils and Sauces,0.0,884.0,0.0,0.0,100.0,0.0,0.0,0.0,0.0,0.0,0.0
Safflower oil,Oils and Sauces,0.0,884.0,0.0,0.0,100.0,0.0,0.0,0.0,0.0,0.0,0.0
Grape seed oil,Oils and Sauces,0.0,884.0,0.0,0.0,100.0,0.0,0.0,0.0,0.0,0.0,0.0
Walnut oil,Oils and Sauces,0.0,884.0,0.0,0.0,100.0,0.0,0.0,0.0,0.0,0.0,0.0
Babassu oil,Oils and Sauces,0.0,884.0,0.0,0.0,100.0,0.0,0.0,0.0,0.0,0.0,0.0
Blue cheese dressing,Oils and Sauces,0.037,484.0,4.8,0.031,51.0,0.4,0.008,0.088,1.4,0.642,3.5
Sunflower oil,Oils and Sauces,0.0,884.0,0.0,0.0,100.0,0.0,0.0,0.0,0.0,0.0,0.0
Duck fat,Oils and Sauces,0.0,882.0,0.0,0.1,100.0,0.0,0.0,0.0,0.0,0.0,0.0
Avocado oil,Oils and Sauces,0.0,884.0,0.0,0.0,100.0,0.0,0.0,0.0,0.0,0.0,0.0
Canola oil,Oils and Sauces,0.0,884.0,0.0,0.0,100.0,0.0,0.0,0.0,0.0,0.0,0.0
Mustard oil,Oils and Sauces,0.0,884.0,0.0,0.0,100.0,0.0,0.0,0.0,0.0,0.0,0.0
Salmon oil,Oils and Sauces,0.0,902.0,0.0,0.485,100.0,0.0,0.0,0.0,0.0,0.0,0.0
Fish oil,Oils and Sauces,0.0,902.0,0.0,0.71,100.0,0.0,0.0,0.0,0.0,0.0,0.0
Margarine,Oils and Sauces,0.003,717.0,0.7,0.0,81.0,0.0,0.003,0.018,0.16,0.002,0.0
Spread,Oils and Sauces,0.0,158.0,0.0,0.0,17.0,0.0,0.0,0.012,0.0,0.755,0.0
Honey mustard,Oils and Sauces,0.067,207.0,28.0,0.0,10.0,0.8,0.012,0.055,0.98,0.701,18.0
Benecol,Oils and Sauces,0.004,357.0,5.7,0.0,39.0,0.0,0.001,0.004,0.0,0.67,0.0
Poppy seed dressing,Oils and Sauces,0.059,399.0,24.0,0.015,33.0,0.3,0.009,0.061,0.92,0.933,23.0
Ceasar dressing,Oils and Sauces,0.033,131.0,31.0,0.001,0.23,0.2,0.004,0.048,1.5,1.265,8.8
Flaxseed oil,Oils and Sauces,0.009,878.0,0.39,0.0,99.0,0.0,0.015,0.031,0.37,0.006,0.0
Barbecue sauce,Oils and Sauces,0.033,172.0,41.0,0.0,0.63,0.9,0.013,0.232,0.82,1.027,33.0
Béchamel sauce,Oils and Sauces,0.126,105.0,7.4,0.008,6.7,0.1,0.015,0.163,3.8,0.328,4.8
Hot sauce,Oils and Sauces,0.008,11.0,1.8,0.0,0.37,0.3,0.005,0.144,0.51,2.643,1.3
Hoisin sauce,Oils and Sauces,0.032,220.0,44.0,0.003,3.4,2.8,0.024,0.119,3.3,1.615,27.0
Salsa,Oils and Sauces,0.012,36.0,7.0,0.0,0.2,1.4,0.016,0.27,1.5,0.43,0.0
Fish sauce,Oils and Sauces,0.043,35.0,3.6,0.0,0.01,0.0,0.175,0.288,5.1,7.851,3.6
Marinara sauce,Oils and Sauces,0.027,51.0,8.1,0.002,1.5,1.8,0.018,0.319,1.4,0.03,5.5
Olive,Oils and Sauces,0.088,115.0,6.3,0.0,11.0,3.2,0.004,0.008,0.84,0.735,0.0
Tomato paste,Oils and Sauces,0.036,82.0,19.0,0.0,0.47,4.1,0.042,1.014,4.3,0.059,12.0
Ketchup,Oils and Sauces,0.015,101.0,27.0,0.0,0.1,0.3,0.013,0.281,1.0,0.907,21.0
Wasabi,Oils and Sauces,0.128,109.0,24.0,0.0,0.63,7.8,0.069,0.568,4.8,0.017,0.0
Miso,Oils and Sauces,0.057,198.0,25.0,0.0,6.0,5.4,0.048,0.21,13.0,3.728,6.2
Soy milk,Oils and Sauces,0.025,54.0,6.3,0.0,1.8,0.6,0.025,0.118,3.3,0.051,4.0
Soy sauce,Oils and Sauces,0.033,53.0,4.9,0.0,0.57,0.8,0.074,0.435,8.1,5.493,0.4
Peanut butter,Oils and Sauces,0.049,598.0,22.0,0.0,51.0,5.0,0.168,0.558,22.0,0.017,10.0
Sweet and sour,Oils and Sauces,0.01,150.0,38.0,0.0,0.02,0.1,0.008,0.099,0.27,0.371,19.0
Cocktail sauce,Oils and Sauces,0.026,124.0,28.0,0.0,1.1,1.8,0.017,0.309,1.4,0.983,12.0
Green Goddess Dressing,Oils and Sauces,0.034,427.0,7.4,0.04,43.0,0.1,0.007,0.058,1.9,0.867,6.7
Tomato sauce,Oils and Sauces,0.014,24.0,5.3,0.0,0.3,1.5,0.015,0.297,1.2,0.011,3.6
Vegetable oil,Oils and Sauces,0.0,884.0,0.0,0.0,100.0,0.0,0.0,0.0,0.0,0.0,0.0
Apple juice,Beverages,0.008,46.0,11.0,0.0,0.13,0.2,0.005,0.101,0.1,0.004,9.6
Orange juice,Beverages,0.011,45.0,10.0,0.0,0.2,0.2,0.011,0.2,0.7,0.001,8.4
Pineapple juice,Beverages,0.013,53.0,13.0,0.0,0.12,0.2,0.012,0.13,0.36,0.002,10.0
Carrot juice,Beverages,0.024,40.0,9.3,0.0,0.15,0.8,0.014,0.292,0.95,0.066,3.9
Tomato juice,Beverages,0.01,17.0,3.5,0.0,0.29,0.4,0.011,0.217,0.85,0.01,2.6
Beer,Beverages,0.004,43.0,3.6,0.0,0.0,0.0,0.006,0.027,0.46,0.004,0.0
Daiquiri,Beverages,0.003,186.0,6.9,0.0,0.06,0.1,0.002,0.021,0.06,0.005,5.6
Piña colada,Beverages,0.008,174.0,23.0,0.0,1.9,0.3,0.008,0.071,0.42,0.006,22.0
Tequila sunrise,Beverages,0.0,110.0,11.0,0.0,0.1,0.0,0.007,0.01,0.3,0.057,0.0
Monster energy drink,Beverages,0.0,5.0,1.4,0.0,0.0,0.0,0.0,0.0,0.0,0.075,1.4
Whiskey sour,Beverages,0.272,383.0,97.0,0.0,0.1,0.0,0.019,0.019,0.6,0.274,97.0
Creme de menthe,Beverages,0.0,371.0,42.0,0.0,0.3,0.0,0.0,0.0,0.0,0.005,42.0
SlimFast shake,Beverages,0.13,58.0,0.85,0.004,2.9,0.4,0.044,0.179,6.6,0.072,0.6
Fuze juice,Beverages,0.009,38.0,9.2,0.0,0.06,0.2,0.01,0.192,0.68,0.01,9.0
Gin,Beverages,0.0,263.0,0.0,0.0,0.0,0.0,0.0,0.0,0.0,0.002,0.0
Rum,Beverages,0.0,231.0,0.0,0.0,0.0,0.0,0.0,0.002,0.0,0.001,0.0
Vodka,Beverages,0.0,231.0,0.0,0.0,0.0,0.0,0.0,0.001,0.0,0.001,0.0
Whisky,Beverages,0.0,250.0,0.1,0.0,0.0,0.0,0.0,0.001,0.0,0.0,0.1
Wine,Beverages,0.008,83.0,2.7,0.0,0.0,0.0,0.011,0.099,0.07,0.005,0.79
Smoothie,Beverages,0.041,37.0,8.2,0.0,0.0,0.0,0.0,0.024,1.2,0.029,7.4
Red Wine,Beverages,0.008,85.0,2.6,0.0,0.0,0.0,0.012,0.127,0.07,0.004,0.62
Pinot noir,Beverages,0.0,82.0,2.3,0.0,0.0,0.0,0.0,0.0,0.07,0.0,0.0
Syrah wine,Beverages,0.0,83.0,2.6,0.0,0.0,0.0,0.0,0.0,0.07,0.0,0.0
Zinfandel wine,Beverages,0.0,88.0,2.9,0.0,0.0,0.0,0.0,0.0,0.07,0.0,0.0
Petite Sirah wine,Beverages,0.0,85.0,2.7,0.0,0.0,0.0,0.0,0.0,0.07,0.0,0.0
White wine,Beverages,0.009,82.0,2.6,0.0,0.0,0.0,0.01,0.071,0.07,0.005,0.96
Sangiovese wine,Beverages,0.0,86.0,2.6,0.0,0.0,0.0,0.0,0.0,0.07,0.0,0.0
Carignan wine,Beverages,0.0,74.0,2.4,0.0,0.0,0.0,0.0,0.0,0.07,0.0,0.0
Pinot Gris,Beverages,0.0,83.0,2.1,0.0,0.0,0.0,0.0,0.0,0.07,0.0,0.0
Muller Thurgau,Beverages,0.0,76.0,3.5,0.0,0.0,0.0,0.0,0.0,0.07,0.0,0.0
Carbonated water,Beverages,0.005,0.0,0.0,0.0,0.0,0.0,0.001,0.002,0.0,0.021,0.0
Gewürztraminer,Beverages,0.0,81.0,11.0,0.0,0.0,0.0,0.0,0.0,0.07,0.0,0.0
Gewurztraminer,Beverages,0.0,108.0,2.6,0.0,0.0,0.0,0.0,0.0,0.07,0.0,0.0
Semillon,Beverages,0.0,82.0,3.1,0.0,0.0,0.0,0.0,0.0,0.07,0.0,0.0
Riesling,Beverages,0.0,80.0,3.7,0.0,0.0,0.0,0.0,0.0,0.07,0.0,0.0
Sauvignon blanc,Beverages,0.0,81.0,2.1,0.0,0.0,0.0,0.0,0.0,0.07,0.0,0.0
Ginger ale,Beverages,0.003,34.0,8.8,0.0,0.0,0.0,0.001,0.001,0.0,0.007,8.9
Iced tea,Beverages,0.003,36.0,9.1,0.0,0.0,0.0,0.001,0.019,0.0,0.021,9.1
Muscat wine,Beverages,0.0,82.0,5.2,0.0,0.0,0.0,0.0,0.0,0.07,0.0,0.0
Grape soda,Beverages,0.003,43.0,11.0,0.0,0.0,0.0,0.001,0.001,0.0,0.015,0.0
Sprite,Beverages,0.002,40.0,10.0,0.0,0.02,0.0,0.001,0.001,0.05,0.009,9.0
French wine,Beverages,0.0,86.0,3.7,0.0,0.0,0.0,0.0,0.0,0.07,0.0,0.0
Red Bull Energy Drink,Beverages,0.006,43.0,10.0,0.0,0.0,0.0,0.019,0.003,0.46,0.039,10.0
Tonic water,Beverages,0.001,34.0,8.8,0.0,0.0,0.0,0.0,0.0,0.0,0.012,8.8
Chardonnay,Beverages,0.009,84.0,2.2,0.0,0.0,0.0,0.01,0.071,0.07,0.005,0.96
Chocolate syrup,Beverages,0.014,279.0,65.0,0.0,1.1,2.6,0.065,0.224,2.1,0.072,50.0
Oolong tea,Beverages,0.001,1.0,0.15,0.0,0.0,0.0,0.001,0.012,0.0,0.003,0.0
Green tea,Beverages,0.003,30.0,7.2,0.0,0.18,0.0,0.001,0.005,0.0,0.002,6.9
Minute maid lemonade,Beverages,0.002,46.0,12.0,0.0,0.0,0.0,0.002,0.01,0.0,0.006,12.0
Lemon tea,Beverages,0.0,2.0,0.41,0.0,0.0,0.0,0.0,0.037,0.0,0.001,0.0
Coffee,Beverages,0.002,1.0,0.0,0.0,0.02,0.0,0.003,0.049,0.12,0.002,0.0
Espresso,Beverages,0.002,9.0,1.7,0.0,0.18,0.0,0.08,0.115,0.12,0.014,0.0
Instant coffee,Beverages,0.004,2.0,0.34,0.0,0.0,0.0,0.004,0.03,0.1,0.004,0.0
Aloe vera juice,Beverages,0.008,15.0,3.8,0.0,0.0,0.0,0.0,0.0,0.0,0.008,3.8
Mocha,Beverages,0.271,460.0,74.0,0.0,16.0,1.9,0.068,1.033,5.3,0.317,58.0
Malt beer,Beverages,0.004,68.0,10.0,0.0,0.0,0.0,0.004,0.027,0.0,0.005,9.8
Cranberry juice,Beverages,0.003,54.0,14.0,0.0,0.1,0.0,0.001,0.014,0.0,0.002,12.0
Light beer,Beverages,0.004,46.0,0.77,0.0,0.0,0.0,0.005,0.021,0.25,0.004,0.09
Rose wine,Beverages,0.01,83.0,3.8,0.0,0.0,0.0,0.01,0.059,0.36,0.005,3.8
Lemonade,Beverages,0.004,40.0,10.0,0.0,0.04,0.0,0.002,0.015,0.07,0.004,10.0
Malt,Beverages,0.098,85.0,11.0,0.01,3.3,0.5,0.015,0.172,3.4,0.06,6.7
Black tea,Beverages,0.0,1.0,0.3,0.0,0.0,0.0,0.003,0.037,0.0,0.003,0.0
Tea,Beverages,0.003,1.0,0.17,0.0,0.0,0.0,0.002,0.018,0.06,0.004,0.02
Perrier,Beverages,0.014,0.0,0.0,0.0,0.0,0.0,0.0,0.0,0.0,0.001,0.0
Coca-Cola,Beverages,0.002,37.0,9.6,0.0,0.02,0.0,0.0,0.002,0.07,0.004,9.0
Drinking water,Beverages,0.003,0.0,0.0,0.0,0.0,0.0,0.001,0.0,0.0,0.004,0.0
Water,Beverages,0.003,0.0,0.0,0.0,0.0,0.0,0.001,0.0,0.0,0.005,0.0
Coffee liqueur,Beverages,0.001,336.0,47.0,0.0,0.3,0.0,0.003,0.03,0.1,0.008,38.0
Liqueur,Beverages,0.016,327.0,21.0,0.058,16.0,0.0,0.002,0.032,2.8,0.092,20.0
Gatorade,Beverages,0.001,26.0,6.4,0.0,0.0,0.0,0.0,0.015,0.0,0.039,5.2
Powerade,Beverages,0.001,32.0,7.8,0.0,0.05,0.0,0.0,0.018,0.0,0.042,6.1
Absinthe,Beverages,0.0,295.0,0.0,0.0,0.0,0.0,0.0,0.002,0.0,0.001,0.0
Roman chamomile,Beverages,0.002,1.0,0.2,0.0,0.0,0.0,0.001,0.009,0.0,0.001,0.0
Distilled beverage,Beverages,0.0,250.0,0.1,0.0,0.0,0.0,0.0,0.002,0.0,0.001,0.0
Bottled water,Beverages,0.01,0.0,0.0,0.0,0.0,0.0,0.002,0.0,0.0,0.002,0.0
Merlot,Beverages,0.008,83.0,2.5,0.0,0.0,0.0,0.012,0.127,0.07,0.004,0.62
Rockstar energy drink,Beverages,0.001,58.0,13.0,0.0,0.22,0.0,0.0,0.006,0.34,0.016,12.0
Horchata,Beverages,0.018,54.0,12.0,0.0,0.71,0.0,0.003,0.034,0.48,0.014,9.4
Rice milk,Beverages,0.118,47.0,9.2,0.0,0.97,0.3,0.011,0.027,0.28,0.039,5.3
Herbal tea,Beverages,0.008,0.0,0.0,0.0,0.0,0.0,0.003,0.02,0.0,0.004,0.0
V8 juice,Beverages,0.016,21.0,4.1,0.0,0.0,0.8,0.0,0.193,0.82,0.173,3.3
Juice,Beverages,0.002,54.0,13.0,0.0,0.0,0.2,0.003,0.042,0.2,0.002,9.4
Sake,Beverages,0.005,134.0,5.0,0.0,0.0,0.0,0.006,0.025,0.5,0.002,0.0
Grape juice,Beverages,0.012,62.0,15.0,0.0,0.0,0.0,0.01,0.09,0.0,0.01,15.0
Asparagus soup,Soups,0.023,69.0,8.5,0.004,3.3,0.4,0.003,0.138,1.8,0.669,0.72
Black bean soup,Soups,0.035,91.0,15.0,0.0,1.3,6.8,0.033,0.25,4.8,0.97,2.5
Soup beans,Soups,0.032,95.0,11.0,0.009,3.5,4.6,0.019,0.175,5.2,0.4,0.0
Celery soup,Soups,0.032,72.0,7.0,0.011,4.5,0.6,0.005,0.098,1.3,0.516,1.4
Broccoli cheese soup,Soups,0.032,81.0,9.7,0.004,3.6,0.0,0.0,0.234,1.6,0.661,2.4
Chicken cream soup,Soups,0.014,90.0,7.2,0.008,5.8,0.0,0.004,0.049,2.4,0.702,0.54
Chicken gumbo,Soups,0.019,45.0,6.7,0.003,1.1,1.6,0.003,0.06,2.1,0.693,1.9
Chicken rice soup,Soups,0.014,53.0,5.4,0.005,1.3,0.4,0.004,0.045,5.1,0.37,0.6
Chicken vegetable soup,Soups,0.014,33.0,4.7,0.003,0.73,0.9,0.008,0.133,2.0,0.229,1.0
Manhattan Clam Chowder,Soups,0.028,56.0,7.8,0.006,1.4,1.2,0.008,0.16,3.0,0.417,1.7
New England Clam Chowder,Soups,0.016,72.0,10.0,0.006,2.1,0.7,0.013,0.221,3.2,0.516,0.38
Lentil soup,Soups,0.017,56.0,8.2,0.003,1.1,0.0,0.009,0.144,3.7,0.532,0.0
Onion soup,Soups,0.022,46.0,6.7,0.0,1.4,0.7,0.002,0.056,3.1,0.516,2.7
Oyster stew,Soups,0.018,48.0,3.3,0.011,3.1,0.0,0.004,0.04,1.7,0.722,0.0
Potato soup,Soups,0.017,74.0,13.0,0.001,1.9,1.3,0.013,0.165,1.5,0.604,1.4
Creamy Shrimp Soup,Soups,0.014,72.0,6.5,0.013,4.1,0.2,0.007,0.047,2.2,0.685,0.0
Turkey soup,Soups,0.021,57.0,6.0,0.004,1.9,0.0,0.01,0.153,4.3,0.391,0.0
Chunky Beef Soup,Soups,0.013,66.0,10.0,0.006,1.1,0.6,0.002,0.14,4.0,0.338,0.67
Broth,Soups,0.187,267.0,18.0,0.013,14.0,0.0,0.056,0.309,17.0,23.875,17.0
Beef consomme,Soups,0.0,16.0,0.81,0.0,0.0,0.0,0.0,0.032,3.2,0.653,0.81
Teriyaki sauce,Soups,0.025,89.0,16.0,0.0,0.02,0.1,0.061,0.225,5.9,3.833,14.0
Au jus,Soups,0.004,16.0,2.5,0.0,0.2,0.0,0.002,0.081,1.2,0.478,0.0
Chicken gravy,Soups,0.01,48.0,5.3,0.005,2.6,0.1,0.003,0.042,0.71,0.389,0.3
Mushroom gravy,Soups,0.007,50.0,5.5,0.0,2.7,0.4,0.002,0.106,1.3,0.57,0.0
Onion gravy,Soups,0.28,322.0,68.0,0.002,3.0,6.0,0.034,0.262,9.0,4.186,0.0
Turkey gravy,Soups,0.004,51.0,5.1,0.002,2.1,0.4,0.002,0.109,2.6,0.577,0.21
Sofrito sauce,Soups,0.02,237.0,5.5,0.0,18.0,1.7,0.025,0.401,13.0,1.145,0.0
Spaghetti sauce,Soups,0.02,48.0,8.7,0.0,0.9,0.0,0.013,0.292,1.2,0.59,4.7
Plum sauce,Soups,0.012,184.0,43.0,0.0,1.0,0.7,0.012,0.259,0.89,0.538,0.0
Pizza sauce,Soups,0.054,54.0,8.7,0.0,1.2,2.0,0.021,0.354,2.2,0.348,3.8
Tomato bisque,Soups,0.031,96.0,18.0,0.004,2.0,0.8,0.007,0.325,1.8,0.698,0.0
Tabasco,Soups,0.012,12.0,0.8,0.0,0.76,0.6,0.012,0.128,1.3,0.633,0.13
Chicken soup,Soups,0.003,36.0,3.5,0.003,1.2,0.0,0.004,0.105,2.5,0.143,1.6
Fish soup,Soups,0.003,16.0,0.0,0.001,0.81,0.0,0.007,0.144,2.3,0.156,0.0
Oyster sauce,Soups,0.032,51.0,11.0,0.0,0.25,0.3,0.004,0.054,1.4,2.733,0.0
Shark fin soup,Soups,0.01,46.0,3.8,0.002,2.0,0.0,0.007,0.053,3.2,0.501,0.0
Bean and ham soup,Soups,0.038,81.0,14.0,0.002,1.0,4.0,0.019,0.158,4.2,0.187,3.2
Cream of Broccoli Soup,Soups,0.016,56.0,8.1,0.004,1.6,1.6,0.0,0.0,1.6,0.565,0.81
Cream of celery soup,Soups,0.075,66.0,5.9,0.013,3.9,0.3,0.009,0.125,2.3,0.272,0.0
Vegetable soup,Soups,0.02,65.0,12.0,0.0,0.9,2.1,0.025,0.433,2.2,0.385,4.3
Beef noodle soup,Soups,0.008,34.0,3.6,0.002,1.2,0.3,0.003,0.04,1.9,0.325,1.0
Minestrone,Soups,0.014,34.0,4.7,0.001,1.0,0.4,0.003,0.13,1.8,0.254,0.0
Cream of mushroom soup,Soups,0.007,39.0,3.3,0.0,2.6,0.3,0.002,0.031,0.66,0.34,0.2
Pea soup,Soups,0.012,61.0,9.9,0.0,1.1,1.9,0.015,0.071,3.2,0.336,3.2
Chicken noodle soup,Soups,0.002,23.0,3.7,0.004,0.55,0.1,0.003,0.013,0.84,0.229,0.31
Chicken tortilla soup,Soups,0.008,53.0,8.2,0.004,0.82,1.2,0.0,0.0,2.9,0.347,1.6
Bisque,Soups,0.016,50.0,9.6,0.002,1.0,0.2,0.004,0.169,0.92,0.424,0.0
Tomato soup,Soups,0.008,32.0,7.5,0.0,0.21,0.5,0.007,0.275,0.71,0.186,4.0
Ramen noodle soup,Soups,0.021,440.0,60.0,0.0,18.0,2.9,0.025,0.181,10.0,1.855,2.0
Chipotle salsa,Soups,0.0,25.0,6.3,0.0,0.0,3.1,0.0,0.0,0.0,0.719,6.3
Enchilada sauce,Soups,0.0,40.0,8.3,0.0,0.0,1.7,0.0,0.0,1.7,0.867,6.7
Picante sauce,Soups,0.0,25.0,6.3,0.0,0.0,3.1,0.0,0.0,0.0,0.688,6.3
Taco sauce,Soups,0.0,50.0,13.0,0.0,0.0,0.0,0.0,0.0,0.0,0.813,6.3
Indian masala,Soups,0.022,57.0,11.0,0.0,0.88,2.6,0.0,0.0,3.3,0.092,2.3
Sriracha,Soups,0.018,93.0,19.0,0.0,0.93,2.2,0.016,0.321,1.9,2.124,15.0
Cheese sauce,Soups,0.204,438.0,61.0,0.023,18.0,1.0,0.036,0.428,7.7,3.202,10.0
Chowder,Soups,0.0,99.0,7.5,0.011,6.3,0.9,0.0,0.0,3.1,0.299,0.0
Alfredo sauce,Soups,0.467,535.0,37.0,0.056,36.0,2.0,0.032,0.254,15.0,2.59,5.4
Chili sauce,Soups,0.009,21.0,3.9,0.0,0.6,0.7,0.012,0.564,0.9,0.025,2.6
Worcestershire sauce,Soups,0.107,78.0,19.0,0.0,0.0,0.0,0.013,0.8,0.0,0.98,10.0
Dashi,Soups,0.187,438.0,65.0,0.013,14.0,0.2,0.056,0.309,17.0,1.067,14.0
Succotash,Soups,0.018,99.0,20.0,0.0,1.0,3.8,0.048,0.369,5.0,0.004,0.0
Egg Drop Soup,Soups,0.007,27.0,4.3,0.023,0.61,0.4,0.002,0.022,1.2,0.37,0.09
Hot and sour soup,Soups,0.019,39.0,4.4,0.021,1.2,0.5,0.009,0.055,2.6,0.376,0.42
Wonton soup,Soups,0.005,32.0,5.3,0.004,0.26,0.2,0.003,0.032,2.1,0.406,0.34
Tomatillo Salsa Verde,Soups,0.0,47.0,6.3,0.0,1.6,0.0,0.0,0.203,0.0,0.719,6.3
Tartar sauce,Soups,0.026,211.0,13.0,0.007,17.0,0.5,0.006,0.068,1.0,0.667,4.3
Potato flour,Baked Products,0.065,357.0,83.0,0.0,0.34,5.9,0.065,1.001,6.9,0.055,3.5
Corn pudding,Baked Products,0.039,131.0,17.0,0.072,5.0,1.2,0.015,0.176,4.4,0.282,6.6
Biscuit,Baked Products,0.235,353.0,45.0,0.003,16.0,1.5,0.018,0.121,7.0,0.58,2.2
Banana bread,Baked Products,0.021,326.0,55.0,0.043,11.0,1.1,0.014,0.134,4.3,0.302,0.0
Cornbread,Baked Products,0.135,330.0,54.0,0.057,9.6,2.3,0.017,0.133,6.6,0.599,16.0
Egg bread,Baked Products,0.093,287.0,48.0,0.051,6.0,2.3,0.019,0.115,9.5,0.38,1.8
Dough,Baked Products,0.052,272.0,52.0,0.0,2.4,2.2,0.032,0.117,11.0,0.602,4.6
French bread,Baked Products,0.047,319.0,62.0,0.0,2.1,3.1,0.031,0.14,13.0,0.72,3.6
Irish soda bread,Baked Products,0.081,290.0,56.0,0.018,5.0,2.6,0.023,0.266,6.6,0.398,0.0
Italian bread,Baked Products,0.078,271.0,50.0,0.0,3.5,3.2,0.027,0.11,8.8,0.55,3.2
Multigrain bread,Baked Products,0.111,288.0,47.0,0.0,4.6,8.1,0.085,0.25,15.0,0.414,6.9
Oat bread,Baked Products,0.065,236.0,40.0,0.0,4.4,4.5,0.035,0.147,10.0,0.353,7.7
Oatmeal bread,Baked Products,0.066,269.0,49.0,0.0,4.4,4.0,0.037,0.142,8.4,0.447,8.1
Pita bread,Baked Products,0.086,275.0,56.0,0.0,1.2,2.2,0.026,0.12,9.1,0.536,1.3
Protein bread,Baked Products,0.124,245.0,44.0,0.0,2.2,3.0,0.065,0.322,12.0,0.404,1.4
Pumpernickel bread,Baked Products,0.068,250.0,48.0,0.0,3.1,6.5,0.054,0.208,8.7,0.596,0.53
Raisin bread,Baked Products,0.066,274.0,52.0,0.0,4.4,4.3,0.026,0.227,7.9,0.347,5.7
Rye bread,Baked Products,0.073,259.0,48.0,0.0,3.3,5.8,0.04,0.166,8.5,0.603,3.9
White Bread,Baked Products,0.144,266.0,49.0,0.0,3.3,2.7,0.023,0.126,8.9,0.49,5.7
Bread crumbs,Baked Products,0.183,395.0,72.0,0.0,5.3,4.5,0.043,0.196,13.0,0.732,6.2
Bread sticks,Baked Products,0.022,412.0,68.0,0.0,9.5,3.0,0.032,0.124,12.0,0.713,1.3
Bread stuffing,Baked Products,0.097,386.0,76.0,0.001,3.4,3.2,0.04,0.246,11.0,1.405,8.3
Angel food cake,Baked Products,0.14,258.0,58.0,0.0,0.8,1.5,0.012,0.093,5.9,0.749,0.0
Carrot cake,Baked Products,0.172,415.0,79.0,0.0,9.8,0.0,0.008,0.169,5.1,0.567,0.0
Chocolate cake,Baked Products,0.06,371.0,53.0,0.058,15.0,1.6,0.032,0.14,5.3,0.315,0.0
White cake,Baked Products,0.09,356.0,63.0,0.001,10.0,1.0,0.012,0.099,4.4,0.284,57.0
Coffeecake,Baked Products,0.059,339.0,44.0,0.085,15.0,1.0,0.015,0.289,7.0,0.339,0.0
Fruitcake,Baked Products,0.033,324.0,62.0,0.005,9.1,3.7,0.016,0.153,2.9,0.101,27.0
Gingerbread,Baked Products,0.071,356.0,49.0,0.032,16.0,0.0,0.07,0.439,3.9,0.327,0.0
Marble cake,Baked Products,0.076,416.0,80.0,0.0,12.0,2.9,0.018,0.123,3.4,0.519,36.0
Pineapple cake,Baked Products,0.12,319.0,51.0,0.022,12.0,0.8,0.013,0.112,3.5,0.319,0.0
Pound cake,Baked Products,0.047,353.0,54.0,0.066,14.0,0.6,0.008,0.149,5.0,0.377,33.0
Shortcake,Baked Products,0.205,346.0,49.0,0.003,14.0,0.0,0.016,0.106,6.1,0.506,0.0
Yellow cake,Baked Products,0.032,379.0,55.0,0.016,18.0,1.5,0.02,0.187,3.2,0.31,39.0
Cheesecake,Baked Products,0.051,321.0,26.0,0.055,23.0,0.4,0.011,0.09,5.5,0.438,22.0
Chocolate brownie,Baked Products,0.057,466.0,50.0,0.073,29.0,0.0,0.053,0.176,6.2,0.343,0.0
Butter cookie,Baked Products,0.029,467.0,69.0,0.117,19.0,0.8,0.012,0.111,6.1,0.282,20.0
Wafer,Baked Products,0.031,433.0,73.0,0.002,14.0,3.4,0.053,0.21,6.6,0.58,37.0
Fig bars,Baked Products,0.064,348.0,71.0,0.0,7.3,4.6,0.027,0.207,3.7,0.35,46.0
Gingersnaps,Baked Products,0.077,416.0,77.0,0.0,9.8,2.2,0.049,0.346,5.6,0.501,20.0
Graham cracker,Baked Products,0.077,430.0,78.0,0.0,11.0,3.4,0.04,0.17,6.7,0.459,25.0
Ladyfingers,Baked Products,0.047,363.0,60.0,0.221,9.1,1.0,0.012,0.113,11.0,0.147,0.0
Cookie dough,Baked Products,0.031,424.0,59.0,0.024,19.0,2.5,0.028,0.147,5.4,0.294,0.0
Shortbread,Baked Products,0.013,514.0,64.0,0.0,26.0,1.3,0.014,0.088,5.4,0.353,22.0
Puff pastry,Baked Products,0.01,558.0,46.0,0.0,39.0,1.5,0.016,0.062,7.4,0.253,0.75
Cheese crackers,Baked Products,0.136,489.0,59.0,0.003,23.0,2.3,0.025,0.156,11.0,0.973,4.5
Matzo,Baked Products,0.013,395.0,84.0,0.0,1.4,3.0,0.025,0.112,10.0,0.0,0.29
Melba toast,Baked Products,0.093,390.0,77.0,0.0,3.2,6.3,0.059,0.202,12.0,0.598,0.94
Cracker,Baked Products,0.12,510.0,61.0,0.0,26.0,2.3,0.018,0.118,6.6,0.726,8.2
Cheese sandwich,Baked Products,0.204,497.0,58.0,0.007,25.0,3.1,0.054,0.306,9.8,0.839,0.0
Croissant,Baked Products,0.037,406.0,46.0,0.067,21.0,2.6,0.016,0.118,8.2,0.467,11.0
Crouton,Baked Products,0.076,407.0,74.0,0.0,6.6,5.1,0.031,0.124,12.0,0.698,0.0
Danish pastry,Baked Products,0.035,374.0,37.0,0.023,22.0,1.0,0.015,0.098,8.0,0.417,7.0
Doughnuts,Baked Products,0.04,434.0,47.0,0.01,25.0,1.7,0.017,0.134,5.3,0.477,18.0
English muffins,Baked Products,0.163,227.0,44.0,0.0,1.7,3.5,0.024,0.109,8.9,0.425,3.5
French toast,Baked Products,0.1,229.0,25.0,0.116,11.0,0.0,0.017,0.134,7.7,0.479,0.0
Hush puppies,Baked Products,0.278,337.0,46.0,0.045,14.0,2.8,0.024,0.144,7.7,0.668,2.0
Muffin,Baked Products,0.044,375.0,53.0,0.03,16.0,1.1,0.01,0.121,4.5,0.336,31.0
Pancake,Baked Products,0.219,227.0,28.0,0.059,9.7,0.0,0.016,0.132,6.4,0.439,0.0
Blueberry pie,Baked Products,0.007,245.0,34.0,0.0,12.0,0.0,0.008,0.05,2.7,0.185,0.0
Cherry pie,Baked Products,0.01,270.0,39.0,0.0,12.0,0.0,0.009,0.077,2.8,0.191,0.0
Cream pie,Baked Products,0.066,353.0,38.0,0.012,22.0,0.8,0.019,0.161,4.2,0.266,27.0
Lemon meringue pie,Baked Products,0.012,285.0,39.0,0.053,13.0,0.0,0.006,0.065,3.8,0.242,0.0
Pecan pie,Baked Products,0.032,412.0,52.0,0.087,22.0,0.0,0.026,0.133,4.9,0.262,0.0
Pumpkin pie,Baked Products,0.064,243.0,35.0,0.026,9.8,1.8,0.014,0.167,3.9,0.239,19.0
Pie crust,Baked Products,0.061,518.0,52.0,0.0,31.0,0.0,0.015,0.064,6.9,0.753,0.0
Pastry,Baked Products,0.01,551.0,45.0,0.0,38.0,1.5,0.016,0.061,7.3,0.249,0.74
Filo,Baked Products,0.011,299.0,53.0,0.0,6.0,1.9,0.015,0.074,7.1,0.483,0.18
Popovers,Baked Products,0.032,371.0,71.0,0.0,4.3,0.0,0.025,0.1,10.0,0.906,0.0
Dinner rolls,Baked Products,0.178,310.0,52.0,0.004,6.5,2.0,0.026,0.139,11.0,0.467,5.6
French rolls,Baked Products,0.091,277.0,50.0,0.0,4.3,3.2,0.02,0.114,8.6,0.574,0.31
Apple strudel,Baked Products,0.015,274.0,41.0,0.006,11.0,2.2,0.009,0.149,3.3,0.135,26.0
Sweet roll,Baked Products,0.072,372.0,51.0,0.066,16.0,2.4,0.017,0.111,6.2,0.304,32.0
Taco shells,Baked Products,0.1,476.0,63.0,0.0,22.0,6.7,0.083,0.231,6.4,0.324,1.5
Waffle,Baked Products,0.255,291.0,33.0,0.069,14.0,0.0,0.019,0.159,7.9,0.511,0.0
Wonton wrappers,Baked Products,0.047,291.0,58.0,0.009,1.5,1.8,0.02,0.082,9.8,0.572,0.0
Baking powder,Baked Products,5.876,53.0,28.0,0.0,0.0,0.2,0.027,0.02,0.0,10.6,0.0
Cream of tartar,Baked Products,0.008,258.0,62.0,0.0,0.0,0.2,0.002,16.5,0.0,0.052,0.0
Baker's yeast,Baked Products,0.019,105.0,18.0,0.0,1.9,8.1,0.04,0.601,8.4,0.03,0.0
Yeast,Baked Products,0.03,325.0,41.0,0.0,7.6,27.0,0.054,0.955,40.0,0.051,0.0
Chocolate chip cookie,Baked Products,0.038,488.0,58.0,0.07,28.0,0.0,0.055,0.221,5.7,0.341,0.0
Pita,Baked Products,0.086,275.0,56.0,0.0,1.2,2.2,0.026,0.12,9.1,0.536,1.3
Ladyfinger,Baked Products,0.047,363.0,60.0,0.221,9.1,1.0,0.012,0.113,11.0,0.147,0.0
English muffin,Baked Products,0.052,235.0,46.0,0.0,1.8,2.7,0.021,0.131,7.7,0.464,0.0
Apple pie,Baked Products,0.011,237.0,34.0,0.0,11.0,1.6,0.007,0.065,1.9,0.266,0.0
Saltine cracker,Baked Products,0.022,393.0,82.0,0.0,1.6,2.7,0.026,0.115,11.0,0.849,0.38
Tart,Baked Products,0.044,372.0,77.0,0.0,6.0,1.5,0.044,0.066,4.0,0.361,4.9
Pop tarts,Baked Products,0.024,412.0,68.0,0.0,13.0,1.1,0.016,0.095,4.6,0.398,31.0
Chocolate eclair,Baked Products,0.048,241.0,40.0,0.047,6.9,2.1,0.0,0.0,4.4,0.3,17.0
Tostada shells,Baked Products,0.076,474.0,64.0,0.0,23.0,5.8,0.076,0.237,6.2,0.657,0.0
Pan dulce,Baked Products,0.086,367.0,56.0,0.03,12.0,2.3,0.024,0.103,9.4,0.228,13.0
Cream cracker,Baked Products,0.026,484.0,65.0,0.0,20.0,2.4,0.025,0.129,7.0,1.148,9.4
Cinnamon roll,Baked Products,0.183,452.0,49.0,0.005,27.0,1.2,0.014,0.102,4.5,0.305,26.0
Bagel,Baked Products,0.02,250.0,49.0,0.0,1.5,4.1,0.051,0.165,10.0,0.439,6.1
Potato bread,Baked Products,0.188,266.0,47.0,0.0,3.1,6.3,0.028,0.718,13.0,0.375,9.4
Focaccia,Baked Products,0.035,249.0,36.0,0.0,7.9,1.8,0.02,0.114,8.8,0.561,1.8
Patty,Baked Products,0.007,204.0,0.0,0.053,16.0,0.0,0.018,0.269,15.0,0.074,0.0
Strudel,Baked Products,0.293,318.0,50.0,0.012,11.0,1.2,0.013,0.071,5.0,0.691,17.0
Murray Vanilla Wafers,Baked Products,0.0,461.0,73.0,0.001,17.0,1.4,0.0,0.084,4.0,0.401,32.0
Keebler Oatmeal Cookies,Baked Products,0.0,478.0,68.0,0.0,20.0,4.5,0.006,0.123,7.1,0.325,31.0
Keebler Sugar Cones,Baked Products,0.0,375.0,78.0,0.0,3.7,2.1,0.009,0.119,7.3,0.326,26.0
Roti (Chapati),Baked Products,0.036,299.0,46.0,0.0,9.2,9.7,0.056,0.196,7.9,0.298,2.9
Paratha,Baked Products,0.025,326.0,45.0,0.001,13.0,9.6,0.037,0.139,6.4,0.452,4.2
Naan,Baked Products,0.059,286.0,46.0,0.001,6.7,4.8,0.068,0.185,10.0,0.467,3.4
Navajo frybread,Baked Products,0.057,330.0,48.0,0.007,12.0,0.0,0.018,0.077,6.7,0.329,2.0
Lavash - Armenian Bread,Baked Products,0.021,281.0,60.0,0.0,1.2,3.1,0.027,0.125,8.7,0.796,0.0
Hot dog,Fast Foods,0.099,290.0,4.2,0.077,26.0,0.0,0.015,0.152,10.0,1.09,0.0
Potato wedges,Fast Foods,0.015,123.0,26.0,0.0,2.2,2.0,0.019,0.394,2.7,0.049,0.3
Veggie burger,Fast Foods,0.136,177.0,14.0,0.005,6.3,4.9,0.056,0.333,16.0,0.569,1.1
Hash browns,Fast Foods,0.019,272.0,29.0,0.0,17.0,2.7,0.021,0.355,2.6,0.566,0.56
Burrito,Fast Foods,0.052,206.0,33.0,0.002,6.2,0.0,0.04,0.301,6.5,0.454,0.0
Nachos,Fast Foods,0.063,343.0,35.0,0.003,22.0,3.2,0.042,0.362,4.3,0.313,2.2
Taco,Fast Foods,0.089,226.0,20.0,0.028,13.0,3.9,0.032,0.209,8.9,0.397,0.9
Taco salad,Fast Foods,0.097,170.0,12.0,0.019,9.2,3.0,0.026,0.21,6.7,0.363,0.0
Cheeseburger,Fast Foods,0.119,308.0,28.0,0.043,15.0,2.0,0.026,0.196,17.0,0.515,4.9
Chicken sandwich,Fast Foods,0.058,250.0,21.0,0.035,11.0,1.4,0.024,0.245,16.0,0.753,3.6
Fish sandwich,Fast Foods,0.037,257.0,27.0,0.035,12.0,1.0,0.025,0.206,10.0,0.602,3.5
Fast food,Fast Foods,0.062,297.0,32.0,0.033,12.0,1.7,0.027,0.197,17.0,0.331,4.9
Hamburger,Fast Foods,0.102,295.0,24.0,0.047,14.0,0.9,0.02,0.226,17.0,0.414,4.2
Roast beef sandwich,Fast Foods,0.055,244.0,22.0,0.03,10.0,1.3,0.023,0.224,15.0,0.653,3.8
Submarine sandwich,Fast Foods,0.171,213.0,20.0,0.027,10.0,1.2,0.02,0.282,11.0,0.575,3.2
Coleslaw,Fast Foods,0.03,153.0,15.0,0.004,9.9,1.9,0.008,0.129,0.95,0.203,12.0
French fries,Fast Foods,0.018,312.0,41.0,0.0,15.0,3.8,0.035,0.579,3.4,0.21,0.3
Mashed potato,Fast Foods,0.018,89.0,15.0,0.0,2.8,1.3,0.015,0.286,1.7,0.306,0.5
Chicken teriyaki subway,Fast Foods,0.142,155.0,23.0,0.022,2.4,1.2,0.023,0.285,11.0,0.305,6.1
McDonald's hamburger,Fast Foods,0.127,264.0,30.0,0.027,10.0,1.3,0.021,0.192,13.0,0.494,6.0
McDonald's Filet-O-Fish,Fast Foods,0.12,282.0,26.0,0.032,15.0,1.4,0.027,0.22,11.0,0.434,3.7
McDonald's Cheeseburger,Fast Foods,0.167,263.0,28.0,0.035,12.0,1.1,0.02,0.2,13.0,0.626,6.2
McDonald's Quarter Pounder,Fast Foods,0.084,244.0,22.0,0.039,12.0,1.6,0.022,0.227,14.0,0.427,5.1
McDonald's Big Mac,Fast Foods,0.116,257.0,20.0,0.036,15.0,1.6,0.02,0.181,12.0,0.46,4.0
McDonald's french fries,Fast Foods,0.019,323.0,43.0,0.0,15.0,3.9,0.037,0.596,3.4,0.189,0.21
Wendy's hamburger,Fast Foods,0.034,213.0,17.0,0.035,11.0,1.3,0.018,0.195,13.0,0.395,0.0
Wendy's chicken sandwich,Fast Foods,0.023,214.0,22.0,0.031,8.1,1.3,0.024,0.228,14.0,0.401,0.0
Wendy's Spicy Chicken Nuggets,Fast Foods,0.011,326.0,14.0,0.05,23.0,0.0,0.022,0.25,16.0,0.708,0.08
Burger King Whopper,Fast Foods,0.039,233.0,19.0,0.03,13.0,1.8,0.018,0.169,11.0,0.313,4.2
Nachos Supreme,Fast Foods,0.047,223.0,21.0,0.014,12.0,3.7,0.033,0.298,6.2,0.348,1.6
Taco Salad,Fast Foods,0.097,170.0,12.0,0.019,9.2,3.0,0.026,0.21,6.7,0.363,0.0
Pepperoni Pizza,Fast Foods,0.146,298.0,30.0,0.025,14.0,1.8,0.022,0.199,12.0,0.692,3.2
Pizza,Fast Foods,0.188,266.0,33.0,0.017,9.7,2.3,0.024,0.172,11.0,0.598,3.6
Chicken McNuggets,Fast Foods,0.011,302.0,15.0,0.044,20.0,0.0,0.024,0.252,16.0,0.566,0.08
McGriddles,Fast Foods,0.063,312.0,31.0,0.024,18.0,1.0,0.014,0.145,8.4,0.737,11.0
McFlurry,Fast Foods,0.135,177.0,27.0,0.016,6.5,0.2,0.017,0.208,4.0,0.054,24.0
McChicken Sandwich,Fast Foods,0.088,273.0,28.0,0.027,13.0,1.3,0.02,0.173,10.0,0.624,3.6
Egg McMUFFIN,Fast Foods,0.192,228.0,22.0,0.165,9.7,1.1,0.02,0.173,14.0,0.617,2.1
Chicken fingers,Fast Foods,0.017,271.0,17.0,0.048,14.0,1.2,0.028,0.373,19.0,0.769,0.4
KFC Fried Chicken,Fast Foods,0.117,384.0,19.0,0.082,28.0,0.0,0.025,0.244,14.0,1.042,0.0
Club sandwich,Fast Foods,0.095,220.0,20.0,0.046,8.1,1.2,0.032,0.226,17.0,0.63,4.7
Yogurt parfait,Fast Foods,0.105,84.0,16.0,0.003,1.0,1.1,0.017,0.189,3.4,0.049,12.0
Chicken Quesadilla,Fast Foods,0.269,294.0,24.0,0.037,15.0,1.7,0.025,0.183,15.0,0.745,1.9
Greek Tzatziki,Fast Foods,0.116,203.0,30.0,0.01,6.6,5.9,0.0,0.185,11.0,0.322,2.7
Tikka Masala,Fast Foods,0.097,191.0,30.0,0.008,5.9,6.0,0.0,0.236,10.0,0.247,4.0
Beef Stroganoff,"Meals, Entrees, and Side Dishes",0.02,98.0,9.0,0.021,4.6,0.6,0.002,0.14,5.1,0.435,1.7
Bran cereal,"Meals, Entrees, and Side Dishes",0.389,259.0,74.0,0.0,4.9,29.0,0.362,1.02,13.0,0.258,16.0
Kellogg's Apple Jacks,"Meals, Entrees, and Side Dishes",0.012,375.0,88.0,0.0,3.4,9.3,0.029,0.112,5.1,0.466,44.0
Cap'n Crunch Cereal,"Meals, Entrees, and Side Dishes",0.011,398.0,86.0,0.0,5.1,2.5,0.055,0.186,4.4,0.754,44.0
General Mills Cheerios,"Meals, Entrees, and Side Dishes",0.401,376.0,73.0,0.0,6.7,9.4,0.114,0.641,12.0,0.497,4.4
Cocoa Krispies,"Meals, Entrees, and Side Dishes",0.127,389.0,88.0,0.0,2.7,1.4,0.038,0.197,4.6,0.424,39.0
Cocoa Pebbles Cereal,"Meals, Entrees, and Side Dishes",0.022,397.0,86.0,0.0,4.1,1.6,0.031,0.193,4.8,0.594,36.0
Cookie Crisp Cereal,"Meals, Entrees, and Side Dishes",0.385,380.0,85.0,0.0,4.4,5.1,0.031,0.231,5.2,0.457,35.0
Kellogg's Corn Flakes,"Meals, Entrees, and Side Dishes",0.005,357.0,84.0,0.0,0.4,3.3,0.039,0.168,7.5,0.729,9.5
Kellogg's Froot Loops,"Meals, Entrees, and Side Dishes",0.01,375.0,88.0,0.0,3.4,9.3,0.031,0.117,5.3,0.469,42.0
Golden Grahams Cereal,"Meals, Entrees, and Side Dishes",0.323,374.0,85.0,0.0,3.2,5.6,0.026,0.206,5.3,0.772,35.0
Grape-Nuts Cereal,"Meals, Entrees, and Side Dishes",0.032,361.0,80.0,0.0,1.8,13.0,0.124,0.4,11.0,0.465,8.9
Honeycomb Cereal,"Meals, Entrees, and Side Dishes",0.011,394.0,87.0,0.0,2.9,3.2,0.045,0.142,6.0,0.553,32.0
Kix Cereal,"Meals, Entrees, and Side Dishes",0.57,357.0,83.0,0.0,3.5,8.8,0.051,0.223,7.7,0.596,9.8
Lucky Charms Cereal,"Meals, Entrees, and Side Dishes",0.434,380.0,81.0,0.0,5.0,5.0,0.074,0.222,7.7,0.648,36.0
Kellogg's Special K,"Meals, Entrees, and Side Dishes",0.023,377.0,73.0,0.0,1.8,1.4,0.012,0.053,18.0,0.667,13.0
Kellogg's Corn Pops Cereal,"Meals, Entrees, and Side Dishes",0.007,387.0,90.0,0.0,1.3,8.4,0.028,0.113,4.8,0.357,31.0
Kellogg's Frosted Flakes Cereal,"Meals, Entrees, and Side Dishes",0.003,369.0,89.0,0.0,1.7,2.2,0.008,0.076,4.0,0.468,35.0
Kellogg's Honey Smacks Cereal,"Meals, Entrees, and Side Dishes",0.014,380.0,89.0,0.0,2.2,5.0,0.059,0.183,5.7,0.142,56.0
Post Golden Crisp Cereal,"Meals, Entrees, and Side Dishes",0.015,380.0,90.0,0.0,1.7,5.0,0.059,0.176,5.5,0.095,54.0
General Mills Trix Cereal,"Meals, Entrees, and Side Dishes",0.313,384.0,86.0,0.0,3.8,3.9,0.025,0.162,4.9,0.5,32.0
Corn grits,"Meals, Entrees, and Side Dishes",0.064,74.0,16.0,0.0,0.49,1.1,0.006,0.027,1.6,0.227,0.1
Cream of Wheat,"Meals, Entrees, and Side Dishes",0.064,62.0,13.0,0.0,0.24,0.6,0.006,0.02,1.8,0.102,0.07
Cream of Rice,"Meals, Entrees, and Side Dishes",0.001,52.0,12.0,0.0,0.1,0.1,0.003,0.02,0.9,0.173,0.04
Granola,"Meals, Entrees, and Side Dishes",0.033,389.0,81.0,0.0,5.7,7.0,0.068,0.215,8.7,0.257,28.0
Kellogg's Crispix Cereal,"Meals, Entrees, and Side Dishes",0.009,378.0,87.0,0.0,0.8,1.0,0.013,0.071,6.6,0.66,13.0
General Mills Franken Berry,"Meals, Entrees, and Side Dishes",0.303,386.0,85.0,0.0,4.3,4.2,0.024,0.163,5.5,0.458,27.0
General Mills Count Chocula,"Meals, Entrees, and Side Dishes",0.37,383.0,85.0,0.0,4.7,5.0,0.03,0.228,5.4,0.488,33.0
General Mills Cocoa Puffs,"Meals, Entrees, and Side Dishes",0.37,383.0,84.0,0.0,5.2,5.7,0.059,0.272,5.6,0.564,37.0
General Mills Cinnamon Toast Crunch,"Meals, Entrees, and Side Dishes",0.444,410.0,78.0,0.0,10.0,6.8,0.054,0.201,5.5,0.567,30.0
General Mills Boo Berry,"Meals, Entrees, and Side Dishes",0.303,386.0,85.0,0.0,4.3,4.2,0.048,0.163,5.5,0.458,27.0
Kellogg's Rice Krispie Treats,"Meals, Entrees, and Side Dishes",0.01,395.0,86.0,0.001,4.2,0.4,0.021,0.051,4.3,0.567,30.0
"Cereals ready-to-eat, Post, Waffle Crisp","Meals, Entrees, and Side Dishes",0.024,390.0,83.0,0.0,5.0,4.4,0.072,0.212,6.6,0.596,35.0
Raisin Bran Cereal,"Meals, Entrees, and Side Dishes",0.033,342.0,80.0,0.0,1.9,10.0,0.136,0.546,7.6,0.466,33.0
Poi,"Meals, Entrees, and Side Dishes",0.016,112.0,27.0,0.0,0.14,0.4,0.024,0.183,0.38,0.012,0.39
Gratin,"Meals, Entrees, and Side Dishes",0.119,132.0,11.0,0.023,7.6,1.8,0.02,0.396,5.1,0.433,0.0
Potato salad,"Meals, Entrees, and Side Dishes",0.019,143.0,11.0,0.068,8.2,1.3,0.015,0.254,2.7,0.529,0.0
Potato pancake,"Meals, Entrees, and Side Dishes",0.032,268.0,28.0,0.095,15.0,3.3,0.036,0.622,6.1,0.764,1.8
Pickle relish,"Meals, Entrees, and Side Dishes",0.005,91.0,23.0,0.0,0.46,1.5,0.019,0.078,1.5,1.091,0.0
Cutlet,"Meals, Entrees, and Side Dishes",0.022,117.0,7.3,0.0,1.5,4.5,0.003,0.105,23.0,0.371,0.2
Jerky,"Meals, Entrees, and Side Dishes",0.02,410.0,11.0,0.048,26.0,1.8,0.051,0.597,33.0,2.081,9.0
Corn chips,"Meals, Entrees, and Side Dishes",0.138,538.0,57.0,0.0,33.0,4.0,0.072,0.144,6.2,0.514,0.27
Granola bars,"Meals, Entrees, and Side Dishes",0.061,471.0,64.0,0.0,20.0,5.3,0.097,0.336,10.0,0.294,29.0
Popcorn,"Meals, Entrees, and Side Dishes",0.007,387.0,78.0,0.0,4.5,15.0,0.144,0.329,13.0,0.008,0.87
Caramel popcorn,"Meals, Entrees, and Side Dishes",0.066,400.0,81.0,0.0,7.8,3.8,0.08,0.355,6.4,0.177,45.0
Cheese popcorn,"Meals, Entrees, and Side Dishes",0.113,526.0,52.0,0.011,33.0,9.9,0.091,0.261,9.3,0.889,0.79
Pork skins,"Meals, Entrees, and Side Dishes",0.03,544.0,0.0,0.095,31.0,0.0,0.011,0.127,61.0,1.818,0.0
Rice cakes,"Meals, Entrees, and Side Dishes",0.011,380.0,80.0,0.0,3.5,3.8,0.151,0.299,9.0,0.116,0.0
Tortilla chips,"Meals, Entrees, and Side Dishes",0.106,472.0,68.0,0.0,21.0,5.4,0.084,0.182,7.1,0.328,0.78
Trail mix,"Meals, Entrees, and Side Dishes",0.078,462.0,45.0,0.0,29.0,0.0,0.158,0.685,14.0,0.229,0.0
Fruit roll ups,"Meals, Entrees, and Side Dishes",0.0,373.0,85.0,0.0,3.5,0.0,0.0,0.0,0.1,0.317,39.0
Banana chips,"Meals, Entrees, and Side Dishes",0.018,519.0,58.0,0.0,34.0,7.7,0.076,0.536,2.3,0.006,35.0
Corn nuts,"Meals, Entrees, and Side Dishes",0.017,436.0,72.0,0.0,14.0,8.4,0.109,0.286,9.0,0.6,0.0
Beef sticks,"Meals, Entrees, and Side Dishes",0.068,550.0,5.4,0.133,50.0,0.0,0.021,0.257,22.0,1.531,0.0
Potato sticks,"Meals, Entrees, and Side Dishes",0.018,522.0,53.0,0.0,34.0,3.4,0.064,1.237,6.7,0.633,0.22
Corn cake,"Meals, Entrees, and Side Dishes",0.019,387.0,83.0,0.0,2.4,1.9,0.114,0.157,8.1,0.488,23.0
Potato chips,"Meals, Entrees, and Side Dishes",0.024,536.0,53.0,0.0,35.0,4.8,0.067,1.275,7.0,0.008,0.22
Pretzels,"Meals, Entrees, and Side Dishes",0.036,381.0,79.0,0.0,3.5,2.8,0.035,0.146,9.1,1.715,0.0
Tagliatelle,"Meals, Entrees, and Side Dishes",0.015,288.0,55.0,0.073,2.3,0.0,0.046,0.179,11.0,0.026,0.0
Scrambled egg,"Meals, Entrees, and Side Dishes",0.057,212.0,2.1,0.426,16.0,0.0,0.014,0.147,14.0,0.187,1.6
Caesar salad,"Meals, Entrees, and Side Dishes",0.233,265.0,32.0,0.024,9.5,1.7,0.028,0.17,13.0,0.454,4.0
Ravioli,"Meals, Entrees, and Side Dishes",0.033,77.0,14.0,0.003,1.5,1.3,0.015,0.232,2.5,0.306,3.7
Tortellini,"Meals, Entrees, and Side Dishes",0.152,307.0,47.0,0.042,7.2,1.9,0.021,0.089,14.0,0.406,0.95
Lasagne,"Meals, Entrees, and Side Dishes",0.088,135.0,15.0,0.017,4.9,1.7,0.02,0.196,7.3,0.373,3.1
Fettuccine,"Meals, Entrees, and Side Dishes",0.028,99.0,14.0,0.014,2.7,2.0,0.006,0.168,6.2,0.166,1.3
Penne,"Meals, Entrees, and Side Dishes",0.089,126.0,17.0,0.012,4.0,2.7,0.03,0.122,5.7,0.248,1.9
Sweet potato chips,"Meals, Entrees, and Side Dishes",0.059,532.0,57.0,0.0,32.0,8.8,0.065,0.925,2.9,0.035,8.8
Plantain chips,"Meals, Entrees, and Side Dishes",0.009,531.0,64.0,0.0,30.0,3.5,0.071,0.786,2.3,0.202,0.92
Clif Bar,"Meals, Entrees, and Side Dishes",0.368,346.0,65.0,0.0,5.9,7.4,0.147,0.412,15.0,0.195,32.0
Prawn crackers (Shrimp chips),"Meals, Entrees, and Side Dishes",0.02,426.0,59.0,0.002,18.0,5.6,0.072,0.193,7.1,0.571,21.0
Pico de gallo,"Meals, Entrees, and Side Dishes",0.0,31.0,9.4,0.0,0.0,0.0,0.0,0.0,0.0,0.469,6.3
Pilaf,"Meals, Entrees, and Side Dishes",0.083,359.0,76.0,0.001,1.4,1.2,0.032,0.188,10.0,1.303,1.5
Taquitos,"Meals, Entrees, and Side Dishes",0.104,284.0,34.0,0.013,13.0,2.9,0.024,0.155,9.2,0.453,1.3
Salisbury steak,"Meals, Entrees, and Side Dishes",0.047,149.0,6.8,0.033,10.0,1.0,0.017,0.144,7.0,0.509,0.26
Tortilla,"Meals, Entrees, and Side Dishes",0.244,310.0,46.0,0.0,9.8,9.8,0.085,0.262,9.8,0.512,2.4
Tamale,"Meals, Entrees, and Side Dishes",0.029,153.0,18.0,0.017,6.1,3.1,0.022,0.131,6.3,0.427,0.99
Pupusas,"Meals, Entrees, and Side Dishes",0.049,232.0,23.0,0.029,10.0,2.6,0.038,0.255,12.0,0.426,1.5
Arepa,"Meals, Entrees, and Side Dishes",0.089,219.0,37.0,0.005,5.4,2.6,0.027,0.088,5.5,0.27,0.87
Spanish rice,"Meals, Entrees, and Side Dishes",0.02,185.0,31.0,0.0,5.3,1.2,0.013,0.116,3.3,0.528,1.3
Chinese egg rolls,"Meals, Entrees, and Side Dishes",0.04,250.0,27.0,0.016,12.0,2.6,0.018,0.165,8.3,0.468,0.0
Chinese fried rice,"Meals, Entrees, and Side Dishes",0.012,174.0,33.0,0.018,3.0,1.1,0.01,0.076,4.1,0.387,0.56
Chinese cuisine,"Meals, Entrees, and Side Dishes",0.022,105.0,7.3,0.014,5.3,1.5,0.015,0.204,7.1,0.409,2.4
Mozzarella cheese sticks,"Meals, Entrees, and Side Dishes",0.331,324.0,27.0,0.032,18.0,1.6,0.021,0.121,14.0,1.008,2.8
Chinese lemon chicken,"Meals, Entrees, and Side Dishes",0.04,252.0,21.0,0.032,14.0,1.0,0.016,0.161,12.0,0.252,8.2
General tso's chicken,"Meals, Entrees, and Side Dishes",0.012,295.0,24.0,0.053,16.0,0.9,0.018,0.201,13.0,0.435,12.0
Kung Pao chicken,"Meals, Entrees, and Side Dishes",0.02,129.0,6.9,0.026,7.0,1.5,0.024,0.218,9.8,0.402,3.0
Lo mein,"Meals, Entrees, and Side Dishes",0.021,121.0,20.0,0.0,2.4,1.3,0.014,0.105,4.8,0.43,2.6
Orange chicken,"Meals, Entrees, and Side Dishes",0.014,262.0,22.0,0.061,13.0,0.8,0.02,0.209,14.0,0.553,14.0
Sesame chicken,"Meals, Entrees, and Side Dishes",0.012,293.0,27.0,0.059,14.0,0.7,0.022,0.204,14.0,0.482,16.0
Vermicelli,"Meals, Entrees, and Side Dishes",0.055,331.0,82.0,0.0,0.1,3.9,0.002,0.003,0.1,0.004,17.0
Baby food,Baby Foods,0.733,379.0,73.0,0.0,4.4,7.5,0.1,0.437,12.0,0.003,0.87
Zwieback,Baby Foods,0.02,426.0,74.0,0.008,9.7,2.5,0.014,0.305,10.0,0.227,13.0
Cherry juice,Baby Foods,0.007,47.0,11.0,0.0,0.1,0.3,0.003,0.11,0.2,0.004,11.0
